module,file,line,name,cc,cognitive,length,nested,composable,commits,hotspot
presentation-kmp,presentation-kmp/src/commonMain/kotlin/com/minseonglove/jlptwords/ui/selection/session/ChapterSessionCards.kt,585,ExpandableChapterList,37,69,237,False,True,8,296
presentation-kmp,presentation-kmp/src/commonMain/kotlin/com/minseonglove/jlptwords/ui/study/StudyViewModel.kt,258,post,35,28,167,False,False,20,700
presentation-kmp,presentation-kmp/src/commonMain/kotlin/com/minseonglove/jlptwords/ui/selection/session/ChapterSessionCards.kt,140,ExpandableSessionCards,26,59,173,False,True,8,208
presentation-kmp,presentation-kmp/src/commonMain/kotlin/com/minseonglove/jlptwords/ui/selection/session/SessionSelectionViewModel.kt,110,post,19,13,77,False,False,16,304
presentation-kmp,presentation-kmp/src/commonMain/kotlin/com/minseonglove/jlptwords/ui/search/SearchViewModel.kt,149,post,18,2,105,False,False,10,180
presentation-kmp,presentation-kmp/src/commonMain/kotlin/com/minseonglove/jlptwords/ui/study/StudyScreen.kt,72,StudyScreen,18,19,195,False,True,18,324
presentation-kmp,presentation-kmp/src/commonMain/kotlin/com/minseonglove/jlptwords/ui/selection/session/ChapterScrollConnection.kt,229,onPreScroll,16,23,0,False,False,3,48
presentation-kmp,presentation-kmp/src/commonMain/kotlin/com/minseonglove/jlptwords/ui/study/component/SessionStatsChart.kt,117,SessionStatsChart,16,28,68,False,True,7,112
presentation-kmp,presentation-kmp/src/commonMain/kotlin/com/minseonglove/jlptwords/ui/worddetail/WordDetailViewModel.kt,91,post,15,11,0,False,False,7,105
presentation-kmp,presentation-kmp/src/commonMain/kotlin/com/minseonglove/jlptwords/ui/home/HomeViewModel.kt,95,post,14,12,67,False,False,6,84
presentation-kmp,presentation-kmp/src/commonMain/kotlin/com/minseonglove/jlptwords/ui/splash/SplashScreen.kt,235,syncProgressMessage,14,9,0,False,True,6,84
presentation-kmp,presentation-kmp/src/commonMain/kotlin/com/minseonglove/jlptwords/ui/setting/SettingViewModel.kt,85,post,13,2,86,False,False,4,52
data-kmp,data-kmp/src/commonMain/kotlin/com/minseonglove/jlptwords/db/util/RubyHighlight.kt,13,buildRubySegments,11,15,0,False,False,2,22
presentation-kmp,presentation-kmp/src/commonMain/kotlin/com/minseonglove/jlptwords/ui/home/HomeScreen.kt,42,HomeScreen,11,14,93,False,True,9,99
data-kmp,data-kmp/src/commonMain/kotlin/com/minseonglove/jlptwords/db/util/StudySessionGenerator.kt,75,buildWindowNormals,10,9,0,False,False,4,40
data-kmp,data-kmp/src/iosMain/kotlin/com/minseonglove/jlptwords/service/FirestoreService.kt,24,getWords,10,12,0,False,False,13,130
data-kmp,data-kmp/src/commonMain/kotlin/com/minseonglove/jlptwords/repository/WordInitializeRepositoryImpl.kt,166,initializeAllContents,9,5,0,False,False,15,135
data-kmp,data-kmp/src/commonMain/kotlin/com/minseonglove/jlptwords/db/dao/WordInitializeDao.kt,126,updateWords,8,10,0,False,False,4,32
data-kmp,data-kmp/src/iosMain/kotlin/com/minseonglove/jlptwords/service/FirestoreService.kt,124,getAllContentUpdateDates,8,3,0,False,False,13,104
data-kmp,data-kmp/src/iosMain/kotlin/com/minseonglove/jlptwords/service/FirestoreService.kt,155,getKanjiInfo,8,11,0,False,False,13,104
domain-kmp,domain-kmp/src/commonMain/kotlin/com/minseonglove/jlptwords/usecase/SearchWords.kt,17,invoke,8,11,0,False,False,1,8
presentation-kmp,presentation-kmp/src/commonMain/kotlin/com/minseonglove/jlptwords/ui/adzero/AdZeroViewModel.kt,73,post,8,6,73,False,False,4,32
presentation-kmp,presentation-kmp/src/commonMain/kotlin/com/minseonglove/jlptwords/ui/base/MolluBackground.kt,119,drawPaperToBounds,8,11,0,False,False,5,40
presentation-kmp,presentation-kmp/src/commonMain/kotlin/com/minseonglove/jlptwords/ui/selection/session/ChapterScrollConnection.kt,154,onPreFling,8,9,0,False,False,3,24
presentation-kmp,presentation-kmp/src/commonMain/kotlin/com/minseonglove/jlptwords/ui/selection/session/SessionSelectionScreen.kt,32,SessionSelectionScreen,8,10,78,False,True,13,104
presentation-kmp,presentation-kmp/src/commonMain/kotlin/com/minseonglove/jlptwords/ui/setting/SettingScreen.kt,62,SettingScreen,8,12,84,False,True,5,40
presentation-kmp,presentation-kmp/src/commonMain/kotlin/com/minseonglove/jlptwords/ui/study/StudyViewModel.kt,517,moveNextWord,8,8,86,False,False,20,160
presentation-kmp,presentation-kmp/src/commonMain/kotlin/com/minseonglove/jlptwords/ui/study/component/RoundProgressChart.kt,34,RoundProgressChart,8,15,134,False,True,5,40
presentation-kmp,presentation-kmp/src/commonMain/kotlin/com/minseonglove/jlptwords/ui/study/component/SessionStatsChart.kt,73,axisOf,8,9,0,False,False,7,56
data-kmp,data-kmp/src/androidMain/kotlin/com/minseonglove/jlptwords/service/FirestoreService.kt,14,getWords,7,3,0,False,False,11,77
data-kmp,data-kmp/src/commonMain/kotlin/com/minseonglove/jlptwords/db/util/WordLevelDiff.kt,26,compute,7,6,0,False,False,1,7
data-kmp,data-kmp/src/commonMain/kotlin/com/minseonglove/jlptwords/repository/HomeRepositoryImpl.kt,17,getTodayExample,7,4,0,False,False,2,14
data-kmp,data-kmp/src/commonMain/kotlin/com/minseonglove/jlptwords/repository/StudySessionRepositoryImpl.kt,50,getLowAccuracyWords,7,10,0,False,False,4,28
data-kmp,data-kmp/src/commonMain/kotlin/com/minseonglove/jlptwords/repository/WordInitializeRepositoryImpl.kt,236,seedDatesFromSnapshotMeta,7,10,0,False,False,15,105
domain-kmp,domain-kmp/src/commonMain/kotlin/com/minseonglove/jlptwords/usecase/GetContinueSession.kt,27,invoke,7,6,0,False,False,1,7
presentation-kmp,presentation-kmp/src/commonMain/kotlin/com/minseonglove/jlptwords/ui/search/SearchScreen.kt,464,WordListArea,7,11,60,False,True,10,70
presentation-kmp,presentation-kmp/src/commonMain/kotlin/com/minseonglove/jlptwords/ui/selection/session/ChapterScrollConnection.kt,193,onPostFling,7,5,0,False,False,3,21
presentation-kmp,presentation-kmp/src/commonMain/kotlin/com/minseonglove/jlptwords/ui/study/component/StudyWordSection.kt,60,StudyWordSection,7,24,154,False,True,12,84
presentation-kmp,presentation-kmp/src/commonMain/kotlin/com/minseonglove/jlptwords/ui/study/component/SwipeableWordCard.kt,151,tearSwipeGesture,7,23,0,False,False,9,63
presentation-kmp,presentation-kmp/src/commonMain/kotlin/com/minseonglove/jlptwords/ui/study/component/SwipeableWordCard.kt,246,decideSwipeOutcome,7,1,0,False,False,9,63
data-kmp,data-kmp/src/androidMain/kotlin/com/minseonglove/jlptwords/service/FirestoreService.kt,105,getKanjiInfo,6,4,0,False,False,11,66
data-kmp,data-kmp/src/androidMain/kotlin/com/minseonglove/jlptwords/util/Inflate.android.kt,6,inflateRaw,6,6,0,False,False,1,6
data-kmp,data-kmp/src/commonMain/kotlin/com/minseonglove/jlptwords/datasource/PreferenceDataSource.kt,151,getDailyExampleRecord,6,0,0,False,False,9,54
data-kmp,data-kmp/src/commonMain/kotlin/com/minseonglove/jlptwords/db/dao/ExampleDao.kt,114,replaceReadings,6,6,0,False,False,10,60
data-kmp,data-kmp/src/commonMain/kotlin/com/minseonglove/jlptwords/db/util/StudySessionGenerator.kt,30,generateStudySessions,6,6,0,False,False,4,24
data-kmp,data-kmp/src/commonMain/kotlin/com/minseonglove/jlptwords/db/util/StudySessionGenerator.kt,105,absorbTailWindow,6,5,0,False,False,4,24
data-kmp,data-kmp/src/commonMain/kotlin/com/minseonglove/jlptwords/repository/KanjiInfoRepositoryImpl.kt,12,syncIfNeeded,6,5,0,False,False,5,30
data-kmp,data-kmp/src/commonMain/kotlin/com/minseonglove/jlptwords/repository/WordInitializeRepositoryImpl.kt,35,initializeWordsIfEmpty,6,9,0,False,False,15,90
data-kmp,data-kmp/src/commonMain/kotlin/com/minseonglove/jlptwords/repository/WordInitializeRepositoryImpl.kt,293,checkLevelWords,6,3,0,False,False,15,90
data-kmp,data-kmp/src/iosMain/kotlin/com/minseonglove/jlptwords/service/FirestoreService.kt,98,getContentUpdateDate,6,3,0,False,False,13,78
presentation-kmp,presentation-kmp/src/androidMain/kotlin/com/minseonglove/jlptwords/ad/InterstitialAdManagerImpl.android.kt,106,checkAndRefreshAd,6,2,0,False,False,6,36
presentation-kmp,presentation-kmp/src/androidMain/kotlin/com/minseonglove/jlptwords/ad/NativeAdManagerImpl.android.kt,103,checkAndRefreshAd,6,2,0,False,False,7,42
presentation-kmp,presentation-kmp/src/commonMain/kotlin/com/minseonglove/jlptwords/ui/base/MolluSwitch.kt,40,MolluSwitch,6,15,76,False,True,3,18
presentation-kmp,presentation-kmp/src/commonMain/kotlin/com/minseonglove/jlptwords/ui/home/HomeViewModel.kt,175,initialize,6,5,0,False,False,6,36
presentation-kmp,presentation-kmp/src/commonMain/kotlin/com/minseonglove/jlptwords/ui/main/MainScreen.kt,30,MainScreen,6,7,0,False,True,1,6
presentation-kmp,presentation-kmp/src/commonMain/kotlin/com/minseonglove/jlptwords/ui/main/MainViewModel.kt,34,onTabClick,6,10,0,False,False,1,6
presentation-kmp,presentation-kmp/src/commonMain/kotlin/com/minseonglove/jlptwords/ui/selection/level/LevelSelectionAssets.kt,25,raccoonResource,6,1,0,False,False,1,6
presentation-kmp,presentation-kmp/src/commonMain/kotlin/com/minseonglove/jlptwords/ui/selection/level/LevelSelectionAssets.kt,34,mountainResource,6,1,0,False,False,1,6
presentation-kmp,presentation-kmp/src/commonMain/kotlin/com/minseonglove/jlptwords/ui/selection/level/LevelSelectionAssets.kt,43,subtitleResource,6,1,0,False,False,1,6
presentation-kmp,presentation-kmp/src/commonMain/kotlin/com/minseonglove/jlptwords/ui/selection/session/CurrentSessionIndex.kt,13,currentSessionIndexOf,6,5,0,False,False,1,6
presentation-kmp,presentation-kmp/src/commonMain/kotlin/com/minseonglove/jlptwords/ui/selection/session/SessionChapterCard.kt,58,SessionChapterCard,6,15,175,False,True,5,30
presentation-kmp,presentation-kmp/src/commonMain/kotlin/com/minseonglove/jlptwords/ui/selection/session/SessionWarningDialog.kt,189,label,6,1,0,False,True,4,24
presentation-kmp,presentation-kmp/src/commonMain/kotlin/com/minseonglove/jlptwords/ui/splash/SplashScreen.kt,221,stageLabel,6,1,0,False,False,6,36
presentation-kmp,presentation-kmp/src/commonMain/kotlin/com/minseonglove/jlptwords/ui/splash/SplashViewModel.kt,40,post,6,18,66,False,False,8,48
presentation-kmp,presentation-kmp/src/commonMain/kotlin/com/minseonglove/jlptwords/ui/splash/SplashViewModel.kt,119,selectDisplayProgress,6,3,0,False,False,8,48
presentation-kmp,presentation-kmp/src/commonMain/kotlin/com/minseonglove/jlptwords/ui/worddetail/WordDetailScreen.kt,150,WordDetailContent,6,22,71,False,True,22,132
presentation-kmp,presentation-kmp/src/commonMain/kotlin/com/minseonglove/jlptwords/ui/worddetail/WordDetailScreen.kt,85,WordDetailScreen,6,2,0,False,True,22,132
presentation-kmp,presentation-kmp/src/iosMain/kotlin/com/minseonglove/jlptwords/ad/InterstitialAdManagerImpl.ios.kt,98,checkAndRefreshAd,6,2,0,False,False,8,48
presentation-kmp,presentation-kmp/src/iosMain/kotlin/com/minseonglove/jlptwords/ad/NativeAdManagerImpl.ios.kt,147,checkAndRefreshAd,6,2,0,False,False,7,42
data-kmp,data-kmp/src/androidMain/kotlin/com/minseonglove/jlptwords/service/FirestoreService.kt,86,getAllContentUpdateDates,5,0,0,False,False,11,55
data-kmp,data-kmp/src/commonMain/kotlin/com/minseonglove/jlptwords/datasource/PreferenceDataSource.kt,193,getSettingPreferencesRecord,5,0,0,False,False,9,45
data-kmp,data-kmp/src/commonMain/kotlin/com/minseonglove/jlptwords/db/dao/WordInitializeDao.kt,189,planSessionSync,5,4,0,False,False,4,20
data-kmp,data-kmp/src/commonMain/kotlin/com/minseonglove/jlptwords/repository/HomeRepositoryImpl.kt,64,getStudiedWordCount,5,2,0,False,False,2,10
data-kmp,data-kmp/src/commonMain/kotlin/com/minseonglove/jlptwords/repository/StudySessionRepositoryImpl.kt,18,getWordsByStudySessionId,5,3,0,False,False,4,20
data-kmp,data-kmp/src/commonMain/kotlin/com/minseonglove/jlptwords/repository/WordInitializeRepositoryImpl.kt,356,checkLevelExamples,5,3,0,False,False,15,75
data-kmp,data-kmp/src/commonMain/kotlin/com/minseonglove/jlptwords/repository/WordInitializeRepositoryImpl.kt,383,insertLevelExamples,5,14,0,False,False,15,75
data-kmp,data-kmp/src/iosMain/kotlin/com/minseonglove/jlptwords/db/DatabaseBuilder.ios.kt,36,copyPrepopulatedDbIfMissing,5,3,0,False,False,3,15
data-kmp,data-kmp/src/iosMain/kotlin/com/minseonglove/jlptwords/service/FirestoreService.kt,54,getWordCount,5,3,0,False,False,13,65
data-kmp,data-kmp/src/iosMain/kotlin/com/minseonglove/jlptwords/service/FirestoreService.kt,113,getReadingsUpdateDate,5,3,0,False,False,13,65
data-kmp,data-kmp/src/iosMain/kotlin/com/minseonglove/jlptwords/service/FirestoreService.kt,181,getKanjiUpdateDate,5,3,0,False,False,13,65
presentation-kmp,presentation-kmp/src/commonMain/kotlin/com/minseonglove/jlptwords/ui/base/MolluBottomButton.kt,38,MolluBottomButton,5,10,0,False,True,3,15
presentation-kmp,presentation-kmp/src/commonMain/kotlin/com/minseonglove/jlptwords/ui/base/RubyExampleText.kt,33,RubyExampleText,5,8,68,False,True,3,15
presentation-kmp,presentation-kmp/src/commonMain/kotlin/com/minseonglove/jlptwords/ui/search/SearchScreen.kt,79,SearchScreen,5,3,0,False,True,10,50
presentation-kmp,presentation-kmp/src/commonMain/kotlin/com/minseonglove/jlptwords/ui/selection/level/LevelSelectionViewModel.kt,55,post,5,2,0,False,False,5,25
presentation-kmp,presentation-kmp/src/commonMain/kotlin/com/minseonglove/jlptwords/ui/selection/session/SessionSelectionViewModel.kt,204,selectSession,5,2,0,False,False,16,80
presentation-kmp,presentation-kmp/src/commonMain/kotlin/com/minseonglove/jlptwords/ui/study/SessionCompletion.kt,85,SessionCompletion,5,16,124,False,True,9,45
data-kmp,data-kmp/src/androidMain/kotlin/com/minseonglove/jlptwords/datasource/AnalyticsDataSource.android.kt,9,logEvent,4,3,0,False,False,1,4
data-kmp,data-kmp/src/commonMain/kotlin/com/minseonglove/jlptwords/datasource/PreferenceDataSource.kt,174,getStudiedWordSnapshot,4,0,0,False,False,9,36
data-kmp,data-kmp/src/commonMain/kotlin/com/minseonglove/jlptwords/datasource/TimeDataSource.kt,36,getNetworkTimeMillis,4,5,0,False,False,3,12
data-kmp,data-kmp/src/commonMain/kotlin/com/minseonglove/jlptwords/datasource/WordDataSource.kt,109,attachExamples,4,2,0,False,False,18,72
data-kmp,data-kmp/src/commonMain/kotlin/com/minseonglove/jlptwords/repository/StreakRepositoryImpl.kt,40,getStreak,4,7,0,False,False,2,8
data-kmp,data-kmp/src/commonMain/kotlin/com/minseonglove/jlptwords/repository/WordInitializeRepositoryImpl.kt,98,syncWordsIfNeeded,4,3,0,False,False,15,60
data-kmp,data-kmp/src/commonMain/kotlin/com/minseonglove/jlptwords/repository/WordInitializeRepositoryImpl.kt,128,syncExamplesIfNeeded,4,4,0,False,False,15,60
data-kmp,data-kmp/src/commonMain/kotlin/com/minseonglove/jlptwords/repository/WordInitializeRepositoryImpl.kt,320,downloadLevelWords,4,8,0,False,False,15,60
data-kmp,data-kmp/src/iosMain/kotlin/com/minseonglove/jlptwords/datasource/AnalyticsDataSource.ios.kt,8,logEvent,4,3,0,False,False,1,4
data-kmp,data-kmp/src/iosMain/kotlin/com/minseonglove/jlptwords/service/FirestoreService.kt,70,getExampleChunkBlobs,4,3,0,False,False,13,52
data-kmp,data-kmp/src/iosMain/kotlin/com/minseonglove/jlptwords/service/FirestoreService.kt,87,getReadingsBlob,4,3,0,False,False,13,52
data-kmp,data-kmp/src/iosMain/kotlin/com/minseonglove/jlptwords/util/Inflate.ios.kt,14,inflateRaw,4,2,0,False,False,2,8
domain-kmp,domain-kmp/src/commonMain/kotlin/com/minseonglove/jlptwords/entity/WordScriptType.kt,18,from,4,1,0,False,False,1,4
presentation-kmp,presentation-kmp/src/androidMain/kotlin/com/minseonglove/jlptwords/tts/TTSManager.android.kt,16,init,4,3,0,False,False,5,20
presentation-kmp,presentation-kmp/src/androidMain/kotlin/com/minseonglove/jlptwords/util/UrlOpener.android.kt,9,openUrl,4,3,0,False,False,4,16
presentation-kmp,presentation-kmp/src/commonMain/kotlin/com/minseonglove/jlptwords/ui/adzero/AdZeroDialog.kt,296,formatAdZeroTime,4,1,0,False,True,6,24
presentation-kmp,presentation-kmp/src/commonMain/kotlin/com/minseonglove/jlptwords/ui/base/MolluBottomTabBar.kt,44,MolluBottomTabBar,4,10,0,False,True,4,16
presentation-kmp,presentation-kmp/src/commonMain/kotlin/com/minseonglove/jlptwords/ui/base/MolluBottomTabBar.kt,123,labelRes,4,1,0,False,False,4,16
presentation-kmp,presentation-kmp/src/commonMain/kotlin/com/minseonglove/jlptwords/ui/base/MolluTopBar.kt,40,MolluTopBar,4,11,72,False,True,7,28
presentation-kmp,presentation-kmp/src/commonMain/kotlin/com/minseonglove/jlptwords/ui/base/SessionCardLabels.kt,21,rangeLabel,4,1,0,False,True,1,4
presentation-kmp,presentation-kmp/src/commonMain/kotlin/com/minseonglove/jlptwords/ui/base/SessionCardLabels.kt,30,statusLabel,4,1,0,False,True,1,4
presentation-kmp,presentation-kmp/src/commonMain/kotlin/com/minseonglove/jlptwords/ui/exit/ExitAppBottomSheet.kt,46,ExitAppBottomSheet,4,4,81,False,True,4,16
presentation-kmp,presentation-kmp/src/commonMain/kotlin/com/minseonglove/jlptwords/ui/search/SearchScreen.kt,137,SearchContent,4,4,68,False,True,10,40
presentation-kmp,presentation-kmp/src/commonMain/kotlin/com/minseonglove/jlptwords/ui/search/SearchScreen.kt,414,SortPanel,4,8,0,False,True,10,40
presentation-kmp,presentation-kmp/src/commonMain/kotlin/com/minseonglove/jlptwords/ui/search/SearchScreen.kt,597,label,4,1,0,False,True,10,40
presentation-kmp,presentation-kmp/src/commonMain/kotlin/com/minseonglove/jlptwords/ui/search/SearchScreen.kt,607,label,4,1,0,False,True,10,40
presentation-kmp,presentation-kmp/src/commonMain/kotlin/com/minseonglove/jlptwords/ui/search/SearchViewModel.kt,272,initialize,4,5,0,False,False,10,40
presentation-kmp,presentation-kmp/src/commonMain/kotlin/com/minseonglove/jlptwords/ui/selection/level/LevelGradeTabRow.kt,28,LevelGradeTabRow,4,9,0,False,True,1,4
presentation-kmp,presentation-kmp/src/commonMain/kotlin/com/minseonglove/jlptwords/ui/selection/level/LevelMountainBackground.kt,64,drawMountain,4,2,0,False,False,2,8
presentation-kmp,presentation-kmp/src/commonMain/kotlin/com/minseonglove/jlptwords/ui/selection/level/LevelSelectionScreen.kt,39,LevelSelectionScreen,4,6,105,False,True,10,40
presentation-kmp,presentation-kmp/src/commonMain/kotlin/com/minseonglove/jlptwords/ui/selection/session/ChapterScrollConnection.kt,43,nearestCardSnap,4,3,0,False,False,3,12
presentation-kmp,presentation-kmp/src/commonMain/kotlin/com/minseonglove/jlptwords/ui/selection/session/ChapterSessionCards.kt,455,cardAlpha,4,5,0,False,False,8,32
presentation-kmp,presentation-kmp/src/commonMain/kotlin/com/minseonglove/jlptwords/ui/selection/session/ChapterSessionCards.kt,466,collapsedZIndexOf,4,1,0,False,False,8,32
presentation-kmp,presentation-kmp/src/commonMain/kotlin/com/minseonglove/jlptwords/ui/selection/session/SessionSelectionViewModel.kt,311,loadSessions,4,5,67,False,False,16,64
presentation-kmp,presentation-kmp/src/commonMain/kotlin/com/minseonglove/jlptwords/ui/selection/session/SessionSelectionViewModel.kt,246,toStudySessionCardItem,4,1,0,False,False,16,64
presentation-kmp,presentation-kmp/src/commonMain/kotlin/com/minseonglove/jlptwords/ui/selection/session/SessionStamps.kt,27,mainStampOf,4,1,0,False,False,1,4
presentation-kmp,presentation-kmp/src/commonMain/kotlin/com/minseonglove/jlptwords/ui/setting/SettingScreen.kt,351,encodeURLParameter,4,5,0,False,False,5,20
presentation-kmp,presentation-kmp/src/commonMain/kotlin/com/minseonglove/jlptwords/ui/splash/SplashScreen.kt,77,SplashScreen,4,6,0,False,True,6,24
presentation-kmp,presentation-kmp/src/commonMain/kotlin/com/minseonglove/jlptwords/ui/study/StudyScreen.kt,394,MeaningToggleButton,4,7,0,False,True,18,72
presentation-kmp,presentation-kmp/src/commonMain/kotlin/com/minseonglove/jlptwords/ui/study/StudyViewModel.kt,455,initialize,4,4,0,False,False,20,80
presentation-kmp,presentation-kmp/src/commonMain/kotlin/com/minseonglove/jlptwords/ui/study/StudyViewModel.kt,683,handleBackPress,4,1,0,False,False,20,80
presentation-kmp,presentation-kmp/src/iosMain/kotlin/com/minseonglove/jlptwords/ad/RewardedAdManagerImpl.ios.kt,23,load,4,10,0,False,False,5,20
data-kmp,data-kmp/src/androidMain/kotlin/com/minseonglove/jlptwords/db/DatabaseBuilder.android.kt,25,copyPrepopulatedDbIfMissing,3,3,0,False,False,3,9
data-kmp,data-kmp/src/androidMain/kotlin/com/minseonglove/jlptwords/service/FirestoreService.kt,60,getContentUpdateDate,3,0,0,False,False,11,33
data-kmp,data-kmp/src/commonMain/kotlin/com/minseonglove/jlptwords/datasource/KanjiInfoDataSource.kt,35,toDomain,3,0,0,False,False,3,9
data-kmp,data-kmp/src/commonMain/kotlin/com/minseonglove/jlptwords/datasource/PreferenceDataSource.kt,106,getWordsUpdateTime,3,0,0,False,False,9,27
data-kmp,data-kmp/src/commonMain/kotlin/com/minseonglove/jlptwords/datasource/PreferenceDataSource.kt,126,getExamplesUpdateTime,3,0,0,False,False,9,27
data-kmp,data-kmp/src/commonMain/kotlin/com/minseonglove/jlptwords/datasource/StudyStatusDataSource.kt,21,getStudyStatus,3,1,0,False,False,7,21
data-kmp,data-kmp/src/commonMain/kotlin/com/minseonglove/jlptwords/datasource/TimeDataSource.kt,55,fetchNtpTimeMillis,3,3,0,False,False,3,9
data-kmp,data-kmp/src/commonMain/kotlin/com/minseonglove/jlptwords/datasource/TimeDataSource.kt,118,fetchHttpDateHeaderMillis,3,7,0,False,False,3,9
data-kmp,data-kmp/src/commonMain/kotlin/com/minseonglove/jlptwords/datasource/WordDataSource.kt,64,getWord,3,0,0,False,False,18,54
data-kmp,data-kmp/src/commonMain/kotlin/com/minseonglove/jlptwords/db/dao/WordInitializeDao.kt,61,insertWordsResolvingConflicts,3,3,0,False,False,4,12
data-kmp,data-kmp/src/commonMain/kotlin/com/minseonglove/jlptwords/db/util/ExampleTokenCodec.kt,21,stripSeparators,3,3,0,False,False,1,3
data-kmp,data-kmp/src/commonMain/kotlin/com/minseonglove/jlptwords/db/util/ExampleTokenCodec.kt,29,decodeExampleTokens,3,4,0,False,False,1,3
data-kmp,data-kmp/src/commonMain/kotlin/com/minseonglove/jlptwords/db/util/FuriganaCodec.kt,16,stripSeparators,3,3,0,False,False,1,3
data-kmp,data-kmp/src/commonMain/kotlin/com/minseonglove/jlptwords/db/util/FuriganaCodec.kt,23,decodeFurigana,3,4,0,False,False,1,3
data-kmp,data-kmp/src/commonMain/kotlin/com/minseonglove/jlptwords/db/util/StudySessionGenerator.kt,128,randomReviewSession,3,2,0,False,False,4,12
data-kmp,data-kmp/src/commonMain/kotlin/com/minseonglove/jlptwords/repository/LevelRepositoryImpl.kt,21,getLevelSummaries,3,5,0,False,False,3,9
data-kmp,data-kmp/src/commonMain/kotlin/com/minseonglove/jlptwords/repository/WordInitializeRepositoryImpl.kt,262,syncReadingsIfNeeded,3,7,0,False,False,15,45
domain-kmp,domain-kmp/src/commonMain/kotlin/com/minseonglove/jlptwords/util/RunCatchingCancellable.kt,11,runCatchingCancellable,3,2,0,False,False,1,3
presentation-kmp,presentation-kmp/src/androidMain/kotlin/com/minseonglove/jlptwords/ad/InterstitialAdManagerImpl.android.kt,75,getValidAd,3,3,0,False,False,6,18
presentation-kmp,presentation-kmp/src/androidMain/kotlin/com/minseonglove/jlptwords/ad/NativeAdManagerImpl.android.kt,72,getValidAd,3,3,0,False,False,7,21
presentation-kmp,presentation-kmp/src/androidMain/kotlin/com/minseonglove/jlptwords/ad/RewardedAdManagerImpl.android.kt,57,getValidAd,3,3,0,False,False,4,12
presentation-kmp,presentation-kmp/src/androidMain/kotlin/com/minseonglove/jlptwords/util/HandleInstallLanguagePack.android.kt,11,handleInstallLanguagePack,3,1,0,False,False,4,12
presentation-kmp,presentation-kmp/src/commonMain/kotlin/com/minseonglove/jlptwords/ui/adzero/AdZeroDialog.kt,63,AdZeroDialog,3,2,61,False,True,6,18
presentation-kmp,presentation-kmp/src/commonMain/kotlin/com/minseonglove/jlptwords/ui/base/MolluBackground.kt,56,drawImageCropToBounds,3,2,0,False,False,5,15
presentation-kmp,presentation-kmp/src/commonMain/kotlin/com/minseonglove/jlptwords/ui/base/MolluDefaultTopBar.kt,36,MolluDefaultTopBar,3,5,0,False,True,8,24
presentation-kmp,presentation-kmp/src/commonMain/kotlin/com/minseonglove/jlptwords/ui/home/ContinueSessionSection.kt,111,ContinueSessionCard,3,3,82,False,True,5,15
presentation-kmp,presentation-kmp/src/commonMain/kotlin/com/minseonglove/jlptwords/ui/home/HomeViewModel.kt,219,showExitAppBottomSheet,3,5,0,False,False,6,18
presentation-kmp,presentation-kmp/src/commonMain/kotlin/com/minseonglove/jlptwords/ui/home/HomeViewModel.kt,277,resolveContinueSession,3,1,0,False,False,6,18
presentation-kmp,presentation-kmp/src/commonMain/kotlin/com/minseonglove/jlptwords/ui/home/HomeViewModel.kt,291,initializeWordsIfNeeded,3,2,0,False,False,6,18
presentation-kmp,presentation-kmp/src/commonMain/kotlin/com/minseonglove/jlptwords/ui/home/StudyOverviewSection.kt,125,StudyTimeOverviewRow,3,5,0,False,True,6,18
presentation-kmp,presentation-kmp/src/commonMain/kotlin/com/minseonglove/jlptwords/ui/search/SearchScreen.kt,364,FilterSection,3,5,0,False,True,10,30
presentation-kmp,presentation-kmp/src/commonMain/kotlin/com/minseonglove/jlptwords/ui/selection/session/ChapterSessionCards.kt,419,expandScrollDelta,3,2,0,False,False,8,24
presentation-kmp,presentation-kmp/src/commonMain/kotlin/com/minseonglove/jlptwords/ui/selection/session/ChapterSessionCards.kt,490,heightOf,3,3,0,False,False,8,24
presentation-kmp,presentation-kmp/src/commonMain/kotlin/com/minseonglove/jlptwords/ui/selection/session/SessionSelectionViewModel.kt,442,findSessionPosition,3,2,0,False,False,16,48
presentation-kmp,presentation-kmp/src/commonMain/kotlin/com/minseonglove/jlptwords/ui/setting/SettingScreen.kt,285,SettingMenuRow,3,4,0,False,True,5,15
presentation-kmp,presentation-kmp/src/commonMain/kotlin/com/minseonglove/jlptwords/ui/setting/SettingScreen.kt,335,buildMailtoUrl,3,4,0,False,False,5,15
presentation-kmp,presentation-kmp/src/commonMain/kotlin/com/minseonglove/jlptwords/ui/splash/SplashScreen.kt,155,ProgressSection,3,2,0,False,True,6,18
presentation-kmp,presentation-kmp/src/commonMain/kotlin/com/minseonglove/jlptwords/ui/study/RoundCompletion.kt,49,RoundCompletion,3,2,87,False,True,6,18
presentation-kmp,presentation-kmp/src/commonMain/kotlin/com/minseonglove/jlptwords/ui/study/RoundCompletion.kt,158,progressValue,3,8,0,False,False,6,18
presentation-kmp,presentation-kmp/src/commonMain/kotlin/com/minseonglove/jlptwords/ui/study/StudyViewModel.kt,137,startTimer,3,3,0,False,False,20,60
presentation-kmp,presentation-kmp/src/commonMain/kotlin/com/minseonglove/jlptwords/ui/study/StudyViewModel.kt,654,saveStudyStatus,3,3,0,False,False,20,60
presentation-kmp,presentation-kmp/src/commonMain/kotlin/com/minseonglove/jlptwords/ui/theme/Theme.kt,91,JLPTWordsTheme,3,4,0,False,True,2,6
presentation-kmp,presentation-kmp/src/commonMain/kotlin/com/minseonglove/jlptwords/ui/worddetail/WordDetailScreen.kt,437,ExampleSection,3,9,62,False,True,22,66
presentation-kmp,presentation-kmp/src/commonMain/kotlin/com/minseonglove/jlptwords/ui/worddetail/WordDetailScreen.kt,354,KanjiBreakdownRow,3,6,61,False,True,22,66
presentation-kmp,presentation-kmp/src/commonMain/kotlin/com/minseonglove/jlptwords/ui/worddetail/WordDetailScreen.kt,506,ExampleWords,3,1,0,False,True,22,66
presentation-kmp,presentation-kmp/src/commonMain/kotlin/com/minseonglove/jlptwords/ui/worddetail/WordDetailViewModel.kt,149,initialize,3,3,0,False,False,7,21
presentation-kmp,presentation-kmp/src/commonMain/kotlin/com/minseonglove/jlptwords/ui/worddetail/WordDetailViewModel.kt,181,playTTS,3,2,0,False,False,7,21
presentation-kmp,presentation-kmp/src/iosMain/kotlin/com/minseonglove/jlptwords/ad/InterstitialAdManagerImpl.ios.kt,67,getValidAd,3,3,0,False,False,8,24
presentation-kmp,presentation-kmp/src/iosMain/kotlin/com/minseonglove/jlptwords/ad/NativeAdManagerImpl.ios.kt,44,load,3,4,0,False,False,7,21
presentation-kmp,presentation-kmp/src/iosMain/kotlin/com/minseonglove/jlptwords/ad/NativeAdManagerImpl.ios.kt,116,getValidAd,3,3,0,False,False,7,21
presentation-kmp,presentation-kmp/src/iosMain/kotlin/com/minseonglove/jlptwords/ad/RewardedAdManagerImpl.ios.kt,53,getValidAd,3,3,0,False,False,5,15
presentation-kmp,presentation-kmp/src/iosMain/kotlin/com/minseonglove/jlptwords/ad/TrackingConsentManagerImpl.ios.kt,13,requestAuthorizationIfNeeded,3,7,0,False,False,1,3
presentation-kmp,presentation-kmp/src/iosMain/kotlin/com/minseonglove/jlptwords/util/UrlOpener.ios.kt,10,openUrl,3,4,0,False,False,4,12
android-app,android-app/src/main/java/com/minseonglove/jlptwords/MainActivity.kt,23,onCreate,2,1,0,False,False,7,14
data-kmp,data-kmp/src/androidMain/kotlin/com/minseonglove/jlptwords/datasource/AppVersionDataSource.android.kt,10,getAppVersionName,2,3,0,False,False,1,2
data-kmp,data-kmp/src/androidMain/kotlin/com/minseonglove/jlptwords/datasource/ClipBoardDataSource.android.kt,10,copyToClipBoard,2,0,0,False,False,1,2
data-kmp,data-kmp/src/androidMain/kotlin/com/minseonglove/jlptwords/service/FirestoreService.kt,34,getWordCount,2,0,0,False,False,11,22
data-kmp,data-kmp/src/androidMain/kotlin/com/minseonglove/jlptwords/service/FirestoreService.kt,75,getReadingsUpdateDate,2,0,0,False,False,11,22
data-kmp,data-kmp/src/androidMain/kotlin/com/minseonglove/jlptwords/service/FirestoreService.kt,125,getKanjiUpdateDate,2,0,0,False,False,11,22
data-kmp,data-kmp/src/androidMain/kotlin/com/minseonglove/jlptwords/service/FirestoreService.kt,142,toWord,2,1,0,False,False,11,22
data-kmp,data-kmp/src/commonMain/kotlin/com/minseonglove/jlptwords/datasource/KanjiInfoDataSource.kt,29,getKanjiInfos,2,1,0,False,False,3,6
data-kmp,data-kmp/src/commonMain/kotlin/com/minseonglove/jlptwords/datasource/LevelDataSource.kt,16,getAllWordCount,2,0,0,False,False,1,2
data-kmp,data-kmp/src/commonMain/kotlin/com/minseonglove/jlptwords/datasource/LevelDataSource.kt,31,getWordCountByLevel,2,2,0,False,False,1,2
data-kmp,data-kmp/src/commonMain/kotlin/com/minseonglove/jlptwords/datasource/LevelDataSource.kt,40,getRemoteWordsCount,2,0,0,False,False,1,2
data-kmp,data-kmp/src/commonMain/kotlin/com/minseonglove/jlptwords/datasource/PreferenceDataSource.kt,80,getLastInterstitialAdShowTime,2,0,0,False,False,9,18
data-kmp,data-kmp/src/commonMain/kotlin/com/minseonglove/jlptwords/datasource/PreferenceDataSource.kt,93,getAdZeroTime,2,0,0,False,False,9,18
data-kmp,data-kmp/src/commonMain/kotlin/com/minseonglove/jlptwords/datasource/PreferenceDataSource.kt,116,setWordsUpdateTime,2,0,0,False,False,9,18
data-kmp,data-kmp/src/commonMain/kotlin/com/minseonglove/jlptwords/datasource/PreferenceDataSource.kt,131,setExamplesUpdateTime,2,0,0,False,False,9,18
data-kmp,data-kmp/src/commonMain/kotlin/com/minseonglove/jlptwords/datasource/PreferenceDataSource.kt,139,getReadingsUpdateTime,2,0,0,False,False,9,18
data-kmp,data-kmp/src/commonMain/kotlin/com/minseonglove/jlptwords/datasource/PreferenceDataSource.kt,145,getKanjiUpdateTime,2,0,0,False,False,9,18
data-kmp,data-kmp/src/commonMain/kotlin/com/minseonglove/jlptwords/datasource/PreferenceDataSource.kt,206,observeJapaneseLanguageEnabled,2,0,0,False,False,9,18
data-kmp,data-kmp/src/commonMain/kotlin/com/minseonglove/jlptwords/datasource/PreferenceDataSource.kt,222,getStudyHelpSeen,2,0,0,False,False,9,18
data-kmp,data-kmp/src/commonMain/kotlin/com/minseonglove/jlptwords/datasource/StreakDataSource.kt,15,getAllStreakDays,2,2,0,False,False,1,2
data-kmp,data-kmp/src/commonMain/kotlin/com/minseonglove/jlptwords/datasource/StudySessionDataSource.kt,34,getLevelBySessionId,2,0,0,False,False,1,2
data-kmp,data-kmp/src/commonMain/kotlin/com/minseonglove/jlptwords/datasource/StudyStatusDataSource.kt,31,setStudyStatus,2,0,0,False,False,7,14
data-kmp,data-kmp/src/commonMain/kotlin/com/minseonglove/jlptwords/datasource/TimeDataSource.kt,143,parseHttpDate,2,1,0,False,False,3,6
data-kmp,data-kmp/src/commonMain/kotlin/com/minseonglove/jlptwords/datasource/TimeDataSource.kt,177,readUnsignedInt,2,1,0,False,False,3,6
data-kmp,data-kmp/src/commonMain/kotlin/com/minseonglove/jlptwords/datasource/WordDataSource.kt,74,getJlptLevel,2,0,0,False,False,18,36
data-kmp,data-kmp/src/commonMain/kotlin/com/minseonglove/jlptwords/datasource/WordDataSource.kt,82,getWordWithExamplesForLevel,2,0,0,False,False,18,36
data-kmp,data-kmp/src/commonMain/kotlin/com/minseonglove/jlptwords/datasource/WordInitializeDataSource.kt,30,updateWords,2,2,0,False,False,10,20
data-kmp,data-kmp/src/commonMain/kotlin/com/minseonglove/jlptwords/datasource/WordInitializeDataSource.kt,71,syncReadings,2,0,0,False,False,10,20
data-kmp,data-kmp/src/commonMain/kotlin/com/minseonglove/jlptwords/datasource/WordInitializeDataSource.kt,116,insertExamples,2,1,0,False,False,10,20
data-kmp,data-kmp/src/commonMain/kotlin/com/minseonglove/jlptwords/db/dao/ExampleDao.kt,62,loadExamplesForKanjis,2,1,0,False,False,10,20
data-kmp,data-kmp/src/commonMain/kotlin/com/minseonglove/jlptwords/db/dao/ExampleDao.kt,91,replaceLevelExamples,2,1,0,False,False,10,20
data-kmp,data-kmp/src/commonMain/kotlin/com/minseonglove/jlptwords/repository/AdRepositoryImpl.kt,22,addAdZeroTime,2,0,0,False,False,1,2
data-kmp,data-kmp/src/commonMain/kotlin/com/minseonglove/jlptwords/repository/AdRepositoryImpl.kt,32,isAdZeroEnabled,2,0,0,False,False,1,2
data-kmp,data-kmp/src/commonMain/kotlin/com/minseonglove/jlptwords/repository/HomeRepositoryImpl.kt,92,toDailyExample,2,0,0,False,False,2,4
data-kmp,data-kmp/src/commonMain/kotlin/com/minseonglove/jlptwords/repository/LevelRepositoryImpl.kt,65,calculateSessionProgress,2,2,0,False,False,3,6
data-kmp,data-kmp/src/commonMain/kotlin/com/minseonglove/jlptwords/repository/WordInitializeRepositoryImpl.kt,81,syncReadingsIfNeeded,2,1,0,False,False,15,30
data-kmp,data-kmp/src/commonMain/kotlin/com/minseonglove/jlptwords/serializer/StudyStatusSerializer.kt,13,readFrom,2,1,0,False,False,1,2
data-kmp,data-kmp/src/commonMain/kotlin/com/minseonglove/jlptwords/service/dto/ContentDto.kt,37,forLevel,2,0,0,False,False,3,6
data-kmp,data-kmp/src/iosMain/kotlin/com/minseonglove/jlptwords/service/FirestoreService.kt,192,stringList,2,0,0,False,False,13,26
data-kmp,data-kmp/src/iosMain/kotlin/com/minseonglove/jlptwords/service/FirestoreService.kt,197,toByteArray,2,1,0,False,False,13,26
data-kmp,data-kmp/src/iosMain/kotlin/com/minseonglove/jlptwords/service/FirestoreService.kt,213,toWord,2,1,0,False,False,13,26
domain-kmp,domain-kmp/src/commonMain/kotlin/com/minseonglove/jlptwords/entity/JLPTLevel.kt,18,fromCode,2,0,0,False,False,2,4
domain-kmp,domain-kmp/src/commonMain/kotlin/com/minseonglove/jlptwords/entity/SessionType.kt,12,fromCode,2,0,0,False,False,1,2
domain-kmp,domain-kmp/src/commonMain/kotlin/com/minseonglove/jlptwords/usecase/CalculateAdZeroRemainingHours.kt,7,calculateAdZeroRemainingHours,2,1,0,False,False,1,2
domain-kmp,domain-kmp/src/commonMain/kotlin/com/minseonglove/jlptwords/usecase/GetAdZeroRemainingHours.kt,18,invoke,2,0,0,False,False,2,4
domain-kmp,domain-kmp/src/commonMain/kotlin/com/minseonglove/jlptwords/usecase/GetContinueSession.kt,86,firstSessionOf,2,0,0,False,False,1,2
domain-kmp,domain-kmp/src/commonMain/kotlin/com/minseonglove/jlptwords/usecase/GetWordDetail.kt,17,invoke,2,0,0,False,False,3,6
domain-kmp,domain-kmp/src/commonMain/kotlin/com/minseonglove/jlptwords/usecase/ResolveStudyEntry.kt,10,invoke,2,2,0,False,False,1,2
presentation-kmp,presentation-kmp/src/androidMain/kotlin/com/minseonglove/jlptwords/ad/InterstitialAdManagerImpl.android.kt,57,load,2,0,0,False,False,6,12
presentation-kmp,presentation-kmp/src/androidMain/kotlin/com/minseonglove/jlptwords/ad/InterstitialAdManagerImpl.android.kt,66,isAdValid,2,1,0,False,False,6,12
presentation-kmp,presentation-kmp/src/androidMain/kotlin/com/minseonglove/jlptwords/ad/InterstitialAdManagerImpl.android.kt,87,startRefreshAd,2,2,0,False,False,6,12
presentation-kmp,presentation-kmp/src/androidMain/kotlin/com/minseonglove/jlptwords/ad/NativeAdManagerImpl.android.kt,84,startRefreshAd,2,2,0,False,False,7,14
presentation-kmp,presentation-kmp/src/androidMain/kotlin/com/minseonglove/jlptwords/ad/NativeAdManagerImpl.android.kt,117,isAdValid,2,1,0,False,False,7,14
presentation-kmp,presentation-kmp/src/androidMain/kotlin/com/minseonglove/jlptwords/ad/RewardedAdManagerImpl.android.kt,25,load,2,0,0,False,False,4,8
presentation-kmp,presentation-kmp/src/androidMain/kotlin/com/minseonglove/jlptwords/ad/RewardedAdManagerImpl.android.kt,50,isAdValid,2,0,0,False,False,4,8
presentation-kmp,presentation-kmp/src/androidMain/kotlin/com/minseonglove/jlptwords/tts/TTSManager.android.kt,70,isAvailable,2,1,0,False,False,5,10
presentation-kmp,presentation-kmp/src/androidMain/kotlin/com/minseonglove/jlptwords/tts/TTSManager.android.kt,74,isMuted,2,0,0,False,False,5,10
presentation-kmp,presentation-kmp/src/androidMain/kotlin/com/minseonglove/jlptwords/ui/nativead/NativeAdBinder.android.kt,8,NativeAdBinder,2,0,0,False,True,1,2
presentation-kmp,presentation-kmp/src/androidMain/kotlin/com/minseonglove/jlptwords/ui/nativead/NativeAdCallToActionView.android.kt,12,NativeAdCallToActionView,2,0,0,False,True,1,2
presentation-kmp,presentation-kmp/src/androidMain/kotlin/com/minseonglove/jlptwords/ui/nativead/NativeAdChoicesView.android.kt,10,NativeAdChoicesView,2,0,0,False,True,1,2
presentation-kmp,presentation-kmp/src/androidMain/kotlin/com/minseonglove/jlptwords/ui/nativead/NativeAdHeadlineView.android.kt,12,NativeAdHeadlineView,2,0,0,False,True,1,2
presentation-kmp,presentation-kmp/src/androidMain/kotlin/com/minseonglove/jlptwords/ui/nativead/NativeAdIconView.android.kt,12,NativeAdIconView,2,0,0,False,True,1,2
presentation-kmp,presentation-kmp/src/androidMain/kotlin/com/minseonglove/jlptwords/ui/nativead/NativeAdMediaView.android.kt,10,NativeAdMediaView,2,0,0,False,True,1,2
presentation-kmp,presentation-kmp/src/androidMain/kotlin/com/minseonglove/jlptwords/util/StatusBarAppearance.android.kt,9,DarkStatusBarIcons,2,3,0,False,True,1,2
presentation-kmp,presentation-kmp/src/commonMain/kotlin/com/minseonglove/jlptwords/extension/ElapsedTimeEx.kt,9,formatElapsedTime,2,2,0,False,False,1,2
presentation-kmp,presentation-kmp/src/commonMain/kotlin/com/minseonglove/jlptwords/navigation/AppNavHost.kt,43,AppNavHost,2,3,0,False,True,23,46
presentation-kmp,presentation-kmp/src/commonMain/kotlin/com/minseonglove/jlptwords/navigation/AppNavHost.kt,112,mainGraph,2,3,0,False,False,23,46
presentation-kmp,presentation-kmp/src/commonMain/kotlin/com/minseonglove/jlptwords/navigation/AppNavHost.kt,150,levelSelectionGraph,2,3,0,False,False,23,46
presentation-kmp,presentation-kmp/src/commonMain/kotlin/com/minseonglove/jlptwords/navigation/NavigationGuards.kt,15,navigateOnce,2,1,0,False,False,1,2
presentation-kmp,presentation-kmp/src/commonMain/kotlin/com/minseonglove/jlptwords/navigation/NavigationGuards.kt,19,popBackStackOnce,2,1,0,False,False,1,2
presentation-kmp,presentation-kmp/src/commonMain/kotlin/com/minseonglove/jlptwords/navigation/NavigationGuards.kt,27,navigateUpOnce,2,2,0,False,False,1,2
presentation-kmp,presentation-kmp/src/commonMain/kotlin/com/minseonglove/jlptwords/ui/adzero/AdZeroDialog.kt,136,AdZeroDialogContent,2,5,137,False,True,6,12
presentation-kmp,presentation-kmp/src/commonMain/kotlin/com/minseonglove/jlptwords/ui/adzero/AdZeroViewModel.kt,157,getAdZeroLeftTimeMin,2,0,0,False,False,4,8
presentation-kmp,presentation-kmp/src/commonMain/kotlin/com/minseonglove/jlptwords/ui/base/BaseButton.kt,28,BaseButton,2,2,0,False,True,3,6
presentation-kmp,presentation-kmp/src/commonMain/kotlin/com/minseonglove/jlptwords/ui/base/BuildHighlightedExample.kt,13,buildHighlightedExample,2,4,0,False,False,1,2
presentation-kmp,presentation-kmp/src/commonMain/kotlin/com/minseonglove/jlptwords/ui/base/MolluBottomTabBar.kt,100,tabStroke,2,2,0,False,False,4,8
presentation-kmp,presentation-kmp/src/commonMain/kotlin/com/minseonglove/jlptwords/ui/base/RubyExampleText.kt,113,RubyCell,2,3,0,False,True,3,6
presentation-kmp,presentation-kmp/src/commonMain/kotlin/com/minseonglove/jlptwords/ui/home/StudyOverviewSection.kt,152,StudyOverviewRow,2,3,0,False,True,6,12
presentation-kmp,presentation-kmp/src/commonMain/kotlin/com/minseonglove/jlptwords/ui/home/TodayExampleSection.kt,115,TodayExampleCard,2,3,0,False,True,7,14
presentation-kmp,presentation-kmp/src/commonMain/kotlin/com/minseonglove/jlptwords/ui/nativead/NativeAdSession.kt,34,NativeAdSession,2,0,86,False,True,3,6
presentation-kmp,presentation-kmp/src/commonMain/kotlin/com/minseonglove/jlptwords/ui/search/SearchScreen.kt,228,SearchField,2,3,0,False,True,10,20
presentation-kmp,presentation-kmp/src/commonMain/kotlin/com/minseonglove/jlptwords/ui/search/SearchScreen.kt,265,ResultCountBar,2,4,0,False,True,10,20
presentation-kmp,presentation-kmp/src/commonMain/kotlin/com/minseonglove/jlptwords/ui/search/SearchScreen.kt,536,SearchedWordRow,2,2,0,False,True,10,20
presentation-kmp,presentation-kmp/src/commonMain/kotlin/com/minseonglove/jlptwords/ui/search/SearchViewModel.kt,138,observeSearchRequests,2,3,0,False,False,10,20
presentation-kmp,presentation-kmp/src/commonMain/kotlin/com/minseonglove/jlptwords/ui/search/SearchViewModel.kt,325,toggle,2,2,0,False,False,10,20
presentation-kmp,presentation-kmp/src/commonMain/kotlin/com/minseonglove/jlptwords/ui/selection/level/LevelMountainBackground.kt,31,LevelMountainBackground,2,3,0,False,True,2,4
presentation-kmp,presentation-kmp/src/commonMain/kotlin/com/minseonglove/jlptwords/ui/selection/session/ChapterSessionCards.kt,91,ChapterHeader,2,2,0,False,True,8,16
presentation-kmp,presentation-kmp/src/commonMain/kotlin/com/minseonglove/jlptwords/ui/selection/session/ChapterSessionCards.kt,390,expandedHeight,2,2,0,False,False,8,16
presentation-kmp,presentation-kmp/src/commonMain/kotlin/com/minseonglove/jlptwords/ui/selection/session/ChapterSessionCards.kt,401,collapsedYOf,2,2,0,False,False,8,16
presentation-kmp,presentation-kmp/src/commonMain/kotlin/com/minseonglove/jlptwords/ui/selection/session/ChapterSessionCards.kt,437,buildCollapsedStackSlots,2,1,0,False,False,8,16
presentation-kmp,presentation-kmp/src/commonMain/kotlin/com/minseonglove/jlptwords/ui/selection/session/ChapterSessionCards.kt,507,boundsOf,2,3,0,False,False,8,16
presentation-kmp,presentation-kmp/src/commonMain/kotlin/com/minseonglove/jlptwords/ui/selection/session/ChapterSessionCards.kt,529,stickyChapterHeader,2,2,0,False,False,8,16
presentation-kmp,presentation-kmp/src/commonMain/kotlin/com/minseonglove/jlptwords/ui/selection/session/ChapterSessionCards.kt,551,animateChapterCollapse,2,2,0,False,False,8,16
presentation-kmp,presentation-kmp/src/commonMain/kotlin/com/minseonglove/jlptwords/ui/selection/session/SessionChapterCard.kt,275,StampSlot,2,2,0,False,True,5,10
presentation-kmp,presentation-kmp/src/commonMain/kotlin/com/minseonglove/jlptwords/ui/selection/session/SessionSelectionViewModel.kt,229,navigateToStudyScreen,2,0,0,False,False,16,32
presentation-kmp,presentation-kmp/src/commonMain/kotlin/com/minseonglove/jlptwords/ui/selection/session/SessionStamps.kt,14,hasSpeedStamp,2,1,0,False,False,1,2
presentation-kmp,presentation-kmp/src/commonMain/kotlin/com/minseonglove/jlptwords/ui/setting/SettingViewModel.kt,188,initialize,2,0,0,False,False,4,8
presentation-kmp,presentation-kmp/src/commonMain/kotlin/com/minseonglove/jlptwords/ui/study/SessionCompletion.kt,269,deltaOrNull,2,1,0,False,False,9,18
presentation-kmp,presentation-kmp/src/commonMain/kotlin/com/minseonglove/jlptwords/ui/study/SessionCompletion.kt,274,valueWithDelta,2,2,0,False,False,9,18
presentation-kmp,presentation-kmp/src/commonMain/kotlin/com/minseonglove/jlptwords/ui/study/StudyViewModel.kt,169,onContinueNextRoundButtonClick,2,1,0,False,False,20,40
presentation-kmp,presentation-kmp/src/commonMain/kotlin/com/minseonglove/jlptwords/ui/study/StudyViewModel.kt,614,shuffleLeftWordsAndRestart,2,1,0,False,False,20,40
presentation-kmp,presentation-kmp/src/commonMain/kotlin/com/minseonglove/jlptwords/ui/study/StudyViewModel.kt,743,shouldShowInterstitialAd,2,1,0,False,False,20,40
presentation-kmp,presentation-kmp/src/commonMain/kotlin/com/minseonglove/jlptwords/ui/study/component/CompletionElements.kt,88,CompletionStatRow,2,2,0,False,True,2,4
presentation-kmp,presentation-kmp/src/commonMain/kotlin/com/minseonglove/jlptwords/ui/study/component/SessionStatsChart.kt,55,timeAxisOf,2,1,0,False,False,7,14
presentation-kmp,presentation-kmp/src/commonMain/kotlin/com/minseonglove/jlptwords/ui/study/component/SessionStatsChart.kt,64,accuracyAxisOf,2,1,0,False,False,7,14
presentation-kmp,presentation-kmp/src/commonMain/kotlin/com/minseonglove/jlptwords/ui/study/component/StudyWordSection.kt,240,invisibleUnless,2,2,0,False,False,12,24
presentation-kmp,presentation-kmp/src/commonMain/kotlin/com/minseonglove/jlptwords/ui/study/component/SwipeableWordCard.kt,43,SwipeableWordCard,2,3,74,False,True,9,18
presentation-kmp,presentation-kmp/src/commonMain/kotlin/com/minseonglove/jlptwords/ui/worddetail/WordDetailScreen.kt,246,WordHeader,2,6,82,False,True,22,44
presentation-kmp,presentation-kmp/src/commonMain/kotlin/com/minseonglove/jlptwords/ui/worddetail/WordDetailScreen.kt,338,KanjiBreakdown,2,0,0,False,True,22,44
presentation-kmp,presentation-kmp/src/commonMain/kotlin/com/minseonglove/jlptwords/ui/worddetail/WordDetailScreen.kt,529,ExampleWordRow,2,2,0,False,True,22,44
presentation-kmp,presentation-kmp/src/iosMain/kotlin/com/minseonglove/jlptwords/ad/InterstitialAdManagerImpl.ios.kt,34,requestInterstitialAd,2,4,0,False,False,8,16
presentation-kmp,presentation-kmp/src/iosMain/kotlin/com/minseonglove/jlptwords/ad/InterstitialAdManagerImpl.ios.kt,50,load,2,0,0,False,False,8,16
presentation-kmp,presentation-kmp/src/iosMain/kotlin/com/minseonglove/jlptwords/ad/InterstitialAdManagerImpl.ios.kt,58,isAdValid,2,1,0,False,False,8,16
presentation-kmp,presentation-kmp/src/iosMain/kotlin/com/minseonglove/jlptwords/ad/InterstitialAdManagerImpl.ios.kt,79,startRefreshAd,2,2,0,False,False,8,16
presentation-kmp,presentation-kmp/src/iosMain/kotlin/com/minseonglove/jlptwords/ad/NativeAdManagerImpl.ios.kt,128,startRefreshAd,2,2,0,False,False,7,14
presentation-kmp,presentation-kmp/src/iosMain/kotlin/com/minseonglove/jlptwords/ad/NativeAdManagerImpl.ios.kt,161,isAdValid,2,1,0,False,False,7,14
presentation-kmp,presentation-kmp/src/iosMain/kotlin/com/minseonglove/jlptwords/ad/RewardedAdManagerImpl.ios.kt,46,isAdValid,2,0,0,False,False,5,10
presentation-kmp,presentation-kmp/src/iosMain/kotlin/com/minseonglove/jlptwords/extension/IntEx.kt,6,formatWithCommas,2,0,0,False,False,2,4
presentation-kmp,presentation-kmp/src/iosMain/kotlin/com/minseonglove/jlptwords/tts/TTSManager.ios.kt,33,speak,2,0,0,False,False,3,6
presentation-kmp,presentation-kmp/src/iosMain/kotlin/com/minseonglove/jlptwords/tts/TTSManager.ios.kt,49,isAvailable,2,1,0,False,False,3,6
presentation-kmp,presentation-kmp/src/iosMain/kotlin/com/minseonglove/jlptwords/tts/TTSManager.ios.kt,72,japaneseVoice,2,0,0,False,False,3,6
presentation-kmp,presentation-kmp/src/iosMain/kotlin/com/minseonglove/jlptwords/ui/nativead/NativeAdBinder.ios.kt,10,NativeAdBinder,2,0,0,False,True,1,2
presentation-kmp,presentation-kmp/src/iosMain/kotlin/com/minseonglove/jlptwords/ui/nativead/NativeAdCallToActionView.ios.kt,12,NativeAdCallToActionView,2,0,0,False,True,2,4
presentation-kmp,presentation-kmp/src/iosMain/kotlin/com/minseonglove/jlptwords/ui/nativead/NativeAdChoicesView.ios.kt,12,NativeAdChoicesView,2,0,0,False,True,3,6
presentation-kmp,presentation-kmp/src/iosMain/kotlin/com/minseonglove/jlptwords/ui/nativead/NativeAdHeadlineView.ios.kt,12,NativeAdHeadlineView,2,0,0,False,True,2,4
presentation-kmp,presentation-kmp/src/iosMain/kotlin/com/minseonglove/jlptwords/ui/nativead/NativeAdIconView.ios.kt,12,NativeAdIconView,2,0,0,False,True,2,4
presentation-kmp,presentation-kmp/src/iosMain/kotlin/com/minseonglove/jlptwords/ui/nativead/NativeAdMediaView.ios.kt,12,NativeAdMediaView,2,0,0,False,True,3,6
presentation-kmp,presentation-kmp/src/iosMain/kotlin/com/minseonglove/jlptwords/util/RootViewController.ios.kt,14,currentRootViewController,2,0,0,False,False,1,2
android-app,android-app/src/main/java/com/minseonglove/jlptwords/JlptWordsApplication.kt,21,onCreate,1,0,0,False,False,5,5
data-kmp,data-kmp/src/androidMain/kotlin/com/minseonglove/jlptwords/datasource/DataStoreFactory.android.kt,18,initDataStore,1,0,0,False,False,3,3
data-kmp,data-kmp/src/androidMain/kotlin/com/minseonglove/jlptwords/datasource/DataStoreFactory.android.kt,22,createDataStore,1,0,0,False,False,3,3
data-kmp,data-kmp/src/androidMain/kotlin/com/minseonglove/jlptwords/datasource/DataStoreFactory.android.kt,26,createStudyStatusDataStore,1,0,0,False,False,3,3
data-kmp,data-kmp/src/androidMain/kotlin/com/minseonglove/jlptwords/datasource/DeviceInfoDataSource.android.kt,6,getModelName,1,0,0,False,False,2,2
data-kmp,data-kmp/src/androidMain/kotlin/com/minseonglove/jlptwords/datasource/DeviceInfoDataSource.android.kt,10,getOsVersion,1,0,0,False,False,2,2
data-kmp,data-kmp/src/androidMain/kotlin/com/minseonglove/jlptwords/db/DatabaseBuilder.android.kt,11,getDatabaseBuilder,1,0,0,False,False,3,3
data-kmp,data-kmp/src/androidMain/kotlin/com/minseonglove/jlptwords/service/FirestoreService.kt,45,getExampleChunkBlobs,1,0,0,False,False,11,11
data-kmp,data-kmp/src/androidMain/kotlin/com/minseonglove/jlptwords/service/FirestoreService.kt,50,getReadingsBlob,1,0,0,False,False,11,11
data-kmp,data-kmp/src/androidMain/kotlin/com/minseonglove/jlptwords/service/FirestoreService.kt,136,getValidWords,1,0,0,False,False,11,11
data-kmp,data-kmp/src/androidMain/kotlin/com/minseonglove/jlptwords/util/PlatformTime.android.kt,5,elapsedRealtime,1,0,0,False,False,3,3
data-kmp,data-kmp/src/androidMain/kotlin/com/minseonglove/jlptwords/util/PlatformTime.android.kt,7,currentTimeMillis,1,0,0,False,False,3,3
data-kmp,data-kmp/src/androidMain/kotlin/com/minseonglove/jlptwords/util/SystemLanguage.android.kt,6,isSystemLanguageJapanese,1,0,0,False,False,1,1
data-kmp,data-kmp/src/commonMain/kotlin/com/minseonglove/jlptwords/datasource/AnalyticsDataSource.kt,4,logEvent,1,0,0,False,False,1,1
data-kmp,data-kmp/src/commonMain/kotlin/com/minseonglove/jlptwords/datasource/AppVersionDataSource.kt,4,getAppVersionName,1,0,0,False,False,2,2
data-kmp,data-kmp/src/commonMain/kotlin/com/minseonglove/jlptwords/datasource/ClipBoardDataSource.kt,4,copyToClipBoard,1,0,0,False,False,1,1
data-kmp,data-kmp/src/commonMain/kotlin/com/minseonglove/jlptwords/datasource/ContentMetaDataSource.kt,9,getSnapshotDate,1,0,0,False,False,1,1
data-kmp,data-kmp/src/commonMain/kotlin/com/minseonglove/jlptwords/datasource/DataStoreFactory.kt,7,createDataStore,1,0,0,False,False,2,2
data-kmp,data-kmp/src/commonMain/kotlin/com/minseonglove/jlptwords/datasource/DataStoreFactory.kt,9,createStudyStatusDataStore,1,0,0,False,False,2,2
data-kmp,data-kmp/src/commonMain/kotlin/com/minseonglove/jlptwords/datasource/DeviceInfoDataSource.kt,5,getModelName,1,0,0,False,False,3,3
data-kmp,data-kmp/src/commonMain/kotlin/com/minseonglove/jlptwords/datasource/DeviceInfoDataSource.kt,8,getOsVersion,1,0,0,False,False,3,3
data-kmp,data-kmp/src/commonMain/kotlin/com/minseonglove/jlptwords/datasource/KanjiInfoDataSource.kt,16,getKanjiUpdateDate,1,0,0,False,False,3,3
data-kmp,data-kmp/src/commonMain/kotlin/com/minseonglove/jlptwords/datasource/KanjiInfoDataSource.kt,18,getLocalKanjiCount,1,0,0,False,False,3,3
data-kmp,data-kmp/src/commonMain/kotlin/com/minseonglove/jlptwords/datasource/KanjiInfoDataSource.kt,20,syncKanjiInfo,1,0,0,False,False,3,3
data-kmp,data-kmp/src/commonMain/kotlin/com/minseonglove/jlptwords/datasource/KanjiInfoDataSource.kt,43,toEntity,1,0,0,False,False,3,3
data-kmp,data-kmp/src/commonMain/kotlin/com/minseonglove/jlptwords/datasource/LevelDataSource.kt,22,isWordCountCacheValid,1,0,0,False,False,1,1
data-kmp,data-kmp/src/commonMain/kotlin/com/minseonglove/jlptwords/datasource/PreferenceDataSource.kt,64,getLastSelectedLevel,1,0,0,False,False,9,9
data-kmp,data-kmp/src/commonMain/kotlin/com/minseonglove/jlptwords/datasource/PreferenceDataSource.kt,72,setLastSelectedLevel,1,0,0,False,False,9,9
data-kmp,data-kmp/src/commonMain/kotlin/com/minseonglove/jlptwords/datasource/PreferenceDataSource.kt,87,setLastInterstitialAdShowTime,1,0,0,False,False,9,9
data-kmp,data-kmp/src/commonMain/kotlin/com/minseonglove/jlptwords/datasource/PreferenceDataSource.kt,100,setAdZeroTime,1,0,0,False,False,9,9
data-kmp,data-kmp/src/commonMain/kotlin/com/minseonglove/jlptwords/datasource/PreferenceDataSource.kt,141,setReadingsUpdateTime,1,0,0,False,False,9,9
data-kmp,data-kmp/src/commonMain/kotlin/com/minseonglove/jlptwords/datasource/PreferenceDataSource.kt,147,setKanjiUpdateTime,1,0,0,False,False,9,9
data-kmp,data-kmp/src/commonMain/kotlin/com/minseonglove/jlptwords/datasource/PreferenceDataSource.kt,164,setDailyExampleRecord,1,0,0,False,False,9,9
data-kmp,data-kmp/src/commonMain/kotlin/com/minseonglove/jlptwords/datasource/PreferenceDataSource.kt,185,setStudiedWordSnapshot,1,0,0,False,False,9,9
data-kmp,data-kmp/src/commonMain/kotlin/com/minseonglove/jlptwords/datasource/PreferenceDataSource.kt,212,observeLastSelectedLevel,1,0,0,False,False,9,9
data-kmp,data-kmp/src/commonMain/kotlin/com/minseonglove/jlptwords/datasource/PreferenceDataSource.kt,224,setStudyHelpSeen,1,0,0,False,False,9,9
data-kmp,data-kmp/src/commonMain/kotlin/com/minseonglove/jlptwords/datasource/PreferenceDataSource.kt,228,setStudyNotificationEnabled,1,0,0,False,False,9,9
data-kmp,data-kmp/src/commonMain/kotlin/com/minseonglove/jlptwords/datasource/PreferenceDataSource.kt,232,setStudyNotificationTime,1,0,0,False,False,9,9
data-kmp,data-kmp/src/commonMain/kotlin/com/minseonglove/jlptwords/datasource/PreferenceDataSource.kt,242,setJapaneseLanguageEnabled,1,0,0,False,False,9,9
data-kmp,data-kmp/src/commonMain/kotlin/com/minseonglove/jlptwords/datasource/StreakDataSource.kt,9,addStreak,1,0,0,False,False,1,1
data-kmp,data-kmp/src/commonMain/kotlin/com/minseonglove/jlptwords/datasource/StudyRecordDataSource.kt,12,getAllStudyRecords,1,0,0,False,False,3,3
data-kmp,data-kmp/src/commonMain/kotlin/com/minseonglove/jlptwords/datasource/StudyRecordDataSource.kt,16,getLatestStudyRecord,1,0,0,False,False,3,3
data-kmp,data-kmp/src/commonMain/kotlin/com/minseonglove/jlptwords/datasource/StudyRecordDataSource.kt,20,getAllStudyRecordSessionIds,1,0,0,False,False,3,3
data-kmp,data-kmp/src/commonMain/kotlin/com/minseonglove/jlptwords/datasource/StudyRecordDataSource.kt,24,getStudyRecordsByLevel,1,0,0,False,False,3,3
data-kmp,data-kmp/src/commonMain/kotlin/com/minseonglove/jlptwords/datasource/StudyRecordDataSource.kt,28,getStudyRecordsBySessionId,1,0,0,False,False,3,3
data-kmp,data-kmp/src/commonMain/kotlin/com/minseonglove/jlptwords/datasource/StudyRecordDataSource.kt,32,addStudyRecord,1,0,0,False,False,3,3
data-kmp,data-kmp/src/commonMain/kotlin/com/minseonglove/jlptwords/datasource/StudySessionDataSource.kt,10,getSession,1,0,0,False,False,1,1
data-kmp,data-kmp/src/commonMain/kotlin/com/minseonglove/jlptwords/datasource/StudySessionDataSource.kt,16,getStudySessionsByLevel,1,0,0,False,False,1,1
data-kmp,data-kmp/src/commonMain/kotlin/com/minseonglove/jlptwords/datasource/StudySessionDataSource.kt,22,getStudySessionIdsByLevel,1,0,0,False,False,1,1
data-kmp,data-kmp/src/commonMain/kotlin/com/minseonglove/jlptwords/datasource/StudySessionDataSource.kt,28,getStudySessionCount,1,0,0,False,False,1,1
data-kmp,data-kmp/src/commonMain/kotlin/com/minseonglove/jlptwords/datasource/StudyStatusDataSource.kt,38,toProto,1,0,0,False,False,7,7
data-kmp,data-kmp/src/commonMain/kotlin/com/minseonglove/jlptwords/datasource/StudyStatusDataSource.kt,55,toProto,1,0,0,False,False,7,7
data-kmp,data-kmp/src/commonMain/kotlin/com/minseonglove/jlptwords/datasource/StudyStatusDataSource.kt,76,toStudyStatus,1,0,0,False,False,7,7
data-kmp,data-kmp/src/commonMain/kotlin/com/minseonglove/jlptwords/datasource/StudyStatusDataSource.kt,92,toWord,1,0,0,False,False,7,7
data-kmp,data-kmp/src/commonMain/kotlin/com/minseonglove/jlptwords/datasource/TimeDataSource.kt,34,getDeviceTimeMillis,1,0,0,False,False,3,3
data-kmp,data-kmp/src/commonMain/kotlin/com/minseonglove/jlptwords/datasource/TimeDataSource.kt,150,readTimestamp,1,0,0,False,False,3,3
data-kmp,data-kmp/src/commonMain/kotlin/com/minseonglove/jlptwords/datasource/TimeDataSource.kt,163,writeTimestamp,1,0,0,False,False,3,3
data-kmp,data-kmp/src/commonMain/kotlin/com/minseonglove/jlptwords/datasource/TimeDataSource.kt,188,writeUnsignedInt,1,0,0,False,False,3,3
data-kmp,data-kmp/src/commonMain/kotlin/com/minseonglove/jlptwords/datasource/WordDataSource.kt,24,getWordCount,1,0,0,False,False,18,18
data-kmp,data-kmp/src/commonMain/kotlin/com/minseonglove/jlptwords/datasource/WordDataSource.kt,28,getWordCountByLevel,1,0,0,False,False,18,18
data-kmp,data-kmp/src/commonMain/kotlin/com/minseonglove/jlptwords/datasource/WordDataSource.kt,34,getWordCountMissingPartOfSpeech,1,0,0,False,False,18,18
data-kmp,data-kmp/src/commonMain/kotlin/com/minseonglove/jlptwords/datasource/WordDataSource.kt,40,getWordsByLevel,1,0,0,False,False,18,18
data-kmp,data-kmp/src/commonMain/kotlin/com/minseonglove/jlptwords/datasource/WordDataSource.kt,51,getWordsByRange,1,0,0,False,False,18,18
data-kmp,data-kmp/src/commonMain/kotlin/com/minseonglove/jlptwords/datasource/WordDataSource.kt,92,getRandomWordHavingExamples,1,0,0,False,False,18,18
data-kmp,data-kmp/src/commonMain/kotlin/com/minseonglove/jlptwords/datasource/WordDataSource.kt,97,getStudiedWordCount,1,0,0,False,False,18,18
data-kmp,data-kmp/src/commonMain/kotlin/com/minseonglove/jlptwords/datasource/WordDataSource.kt,100,searchWords,1,0,0,False,False,18,18
data-kmp,data-kmp/src/commonMain/kotlin/com/minseonglove/jlptwords/datasource/WordDataSource.kt,103,escapeLikePattern,1,0,0,False,False,18,18
data-kmp,data-kmp/src/commonMain/kotlin/com/minseonglove/jlptwords/datasource/WordDataSource.kt,159,toWord,1,0,0,False,False,18,18
data-kmp,data-kmp/src/commonMain/kotlin/com/minseonglove/jlptwords/datasource/WordDataSource.kt,170,toSearchedWord,1,0,0,False,False,18,18
data-kmp,data-kmp/src/commonMain/kotlin/com/minseonglove/jlptwords/datasource/WordDataSource.kt,181,increaseAppearanceCount,1,0,0,False,False,18,18
data-kmp,data-kmp/src/commonMain/kotlin/com/minseonglove/jlptwords/datasource/WordDataSource.kt,187,increaseCorrectAndAppearanceCount,1,0,0,False,False,18,18
data-kmp,data-kmp/src/commonMain/kotlin/com/minseonglove/jlptwords/datasource/WordDataSource.kt,193,getContentUpdateDate,1,0,0,False,False,18,18
data-kmp,data-kmp/src/commonMain/kotlin/com/minseonglove/jlptwords/datasource/WordDataSource.kt,195,getAllContentUpdateDates,1,0,0,False,False,18,18
data-kmp,data-kmp/src/commonMain/kotlin/com/minseonglove/jlptwords/datasource/WordDataSource.kt,197,getReadingsUpdateDate,1,0,0,False,False,18,18
data-kmp,data-kmp/src/commonMain/kotlin/com/minseonglove/jlptwords/datasource/WordDataSource.kt,199,getExampleCountByLevel,1,0,0,False,False,18,18
data-kmp,data-kmp/src/commonMain/kotlin/com/minseonglove/jlptwords/datasource/WordDataSource.kt,201,getVocabularyCount,1,0,0,False,False,18,18
data-kmp,data-kmp/src/commonMain/kotlin/com/minseonglove/jlptwords/datasource/WordInitializeDataSource.kt,25,initializeWords,1,0,0,False,False,10,10
data-kmp,data-kmp/src/commonMain/kotlin/com/minseonglove/jlptwords/datasource/WordInitializeDataSource.kt,82,loadKnownKanji,1,0,0,False,False,10,10
data-kmp,data-kmp/src/commonMain/kotlin/com/minseonglove/jlptwords/datasource/WordInitializeDataSource.kt,89,fetchExamples,1,0,0,False,False,10,10
data-kmp,data-kmp/src/commonMain/kotlin/com/minseonglove/jlptwords/datasource/WordInitializeDataSource.kt,131,syncExamples,1,0,0,False,False,10,10
data-kmp,data-kmp/src/commonMain/kotlin/com/minseonglove/jlptwords/datasource/WordInitializeDataSource.kt,136,toEntities,1,0,0,False,False,10,10
data-kmp,data-kmp/src/commonMain/kotlin/com/minseonglove/jlptwords/datasource/WordInitializeDataSource.kt,138,toEntity,1,0,0,False,False,10,10
data-kmp,data-kmp/src/commonMain/kotlin/com/minseonglove/jlptwords/db/DatabaseBuilder.kt,9,getRoomDatabase,1,0,0,False,False,7,7
data-kmp,data-kmp/src/commonMain/kotlin/com/minseonglove/jlptwords/db/JLPTWordsDatabase.kt,44,wordDao,1,0,0,False,False,8,8
data-kmp,data-kmp/src/commonMain/kotlin/com/minseonglove/jlptwords/db/JLPTWordsDatabase.kt,46,wordInitializeDao,1,0,0,False,False,8,8
data-kmp,data-kmp/src/commonMain/kotlin/com/minseonglove/jlptwords/db/JLPTWordsDatabase.kt,48,studySessionDao,1,0,0,False,False,8,8
data-kmp,data-kmp/src/commonMain/kotlin/com/minseonglove/jlptwords/db/JLPTWordsDatabase.kt,50,studyRecordDao,1,0,0,False,False,8,8
data-kmp,data-kmp/src/commonMain/kotlin/com/minseonglove/jlptwords/db/JLPTWordsDatabase.kt,52,streakDao,1,0,0,False,False,8,8
data-kmp,data-kmp/src/commonMain/kotlin/com/minseonglove/jlptwords/db/JLPTWordsDatabase.kt,54,exampleDao,1,0,0,False,False,8,8
data-kmp,data-kmp/src/commonMain/kotlin/com/minseonglove/jlptwords/db/JLPTWordsDatabase.kt,56,kanjiInfoDao,1,0,0,False,False,8,8
data-kmp,data-kmp/src/commonMain/kotlin/com/minseonglove/jlptwords/db/JLPTWordsDatabase.kt,58,contentMetaDao,1,0,0,False,False,8,8
data-kmp,data-kmp/src/commonMain/kotlin/com/minseonglove/jlptwords/db/JLPTWordsDatabase.kt,67,initialize,1,0,0,False,False,8,8
data-kmp,data-kmp/src/commonMain/kotlin/com/minseonglove/jlptwords/db/dao/ContentMetaDao.kt,12,get,1,0,0,False,False,1,1
data-kmp,data-kmp/src/commonMain/kotlin/com/minseonglove/jlptwords/db/dao/ContentMetaDao.kt,15,set,1,0,0,False,False,1,1
data-kmp,data-kmp/src/commonMain/kotlin/com/minseonglove/jlptwords/db/dao/ExampleDao.kt,26,getVocabularyCount,1,0,0,False,False,10,10
data-kmp,data-kmp/src/commonMain/kotlin/com/minseonglove/jlptwords/db/dao/ExampleDao.kt,30,insertExampleSentences,1,0,0,False,False,10,10
data-kmp,data-kmp/src/commonMain/kotlin/com/minseonglove/jlptwords/db/dao/ExampleDao.kt,33,deleteExampleSentencesByLevel,1,0,0,False,False,10,10
data-kmp,data-kmp/src/commonMain/kotlin/com/minseonglove/jlptwords/db/dao/ExampleDao.kt,36,getExampleCountByLevel,1,0,0,False,False,10,10
data-kmp,data-kmp/src/commonMain/kotlin/com/minseonglove/jlptwords/db/dao/ExampleDao.kt,39,getExampleCountWithoutFuriganaByLevel,1,0,0,False,False,10,10
data-kmp,data-kmp/src/commonMain/kotlin/com/minseonglove/jlptwords/db/dao/ExampleDao.kt,51,getExampleSentencesByKanji,1,0,0,False,False,10,10
data-kmp,data-kmp/src/commonMain/kotlin/com/minseonglove/jlptwords/db/dao/ExampleDao.kt,58,getReadingsForSurfaces,1,0,0,False,False,10,10
data-kmp,data-kmp/src/commonMain/kotlin/com/minseonglove/jlptwords/db/dao/ExampleDao.kt,72,getAllVocabularyWords,1,0,0,False,False,10,10
data-kmp,data-kmp/src/commonMain/kotlin/com/minseonglove/jlptwords/db/dao/ExampleDao.kt,75,insertVocabularyWordsIgnore,1,0,0,False,False,10,10
data-kmp,data-kmp/src/commonMain/kotlin/com/minseonglove/jlptwords/db/dao/ExampleDao.kt,78,deleteVocabularyBySurfaces,1,0,0,False,False,10,10
data-kmp,data-kmp/src/commonMain/kotlin/com/minseonglove/jlptwords/db/dao/ExampleDao.kt,81,updateReadingBySurface,1,0,0,False,False,10,10
data-kmp,data-kmp/src/commonMain/kotlin/com/minseonglove/jlptwords/db/dao/KanjiInfoDao.kt,12,upsertAll,1,0,0,False,False,3,3
data-kmp,data-kmp/src/commonMain/kotlin/com/minseonglove/jlptwords/db/dao/KanjiInfoDao.kt,15,getCount,1,0,0,False,False,3,3
data-kmp,data-kmp/src/commonMain/kotlin/com/minseonglove/jlptwords/db/dao/KanjiInfoDao.kt,18,getByKanjis,1,0,0,False,False,3,3
data-kmp,data-kmp/src/commonMain/kotlin/com/minseonglove/jlptwords/db/dao/StreakDao.kt,12,addStreak,1,0,0,False,False,1,1
data-kmp,data-kmp/src/commonMain/kotlin/com/minseonglove/jlptwords/db/dao/StreakDao.kt,15,getAllStreakDaysDesc,1,0,0,False,False,1,1
data-kmp,data-kmp/src/commonMain/kotlin/com/minseonglove/jlptwords/db/dao/StreakDao.kt,18,getAllStreakDaysAsc,1,0,0,False,False,1,1
data-kmp,data-kmp/src/commonMain/kotlin/com/minseonglove/jlptwords/db/dao/StudyRecordDao.kt,11,getAllStudyRecords,1,0,0,False,False,3,3
data-kmp,data-kmp/src/commonMain/kotlin/com/minseonglove/jlptwords/db/dao/StudyRecordDao.kt,14,getLatestStudyRecord,1,0,0,False,False,3,3
data-kmp,data-kmp/src/commonMain/kotlin/com/minseonglove/jlptwords/db/dao/StudyRecordDao.kt,17,getAllStudyRecordSessionIds,1,0,0,False,False,3,3
data-kmp,data-kmp/src/commonMain/kotlin/com/minseonglove/jlptwords/db/dao/StudyRecordDao.kt,26,getStudyRecordsByLevel,1,0,0,False,False,3,3
data-kmp,data-kmp/src/commonMain/kotlin/com/minseonglove/jlptwords/db/dao/StudyRecordDao.kt,29,getStudyRecordsBySessionId,1,0,0,False,False,3,3
data-kmp,data-kmp/src/commonMain/kotlin/com/minseonglove/jlptwords/db/dao/StudyRecordDao.kt,32,insert,1,0,0,False,False,3,3
data-kmp,data-kmp/src/commonMain/kotlin/com/minseonglove/jlptwords/db/dao/StudySessionDao.kt,10,getSessionById,1,0,0,False,False,1,1
data-kmp,data-kmp/src/commonMain/kotlin/com/minseonglove/jlptwords/db/dao/StudySessionDao.kt,13,getStudySessionsByLevel,1,0,0,False,False,1,1
data-kmp,data-kmp/src/commonMain/kotlin/com/minseonglove/jlptwords/db/dao/StudySessionDao.kt,16,getStudySessionIdsByLevel,1,0,0,False,False,1,1
data-kmp,data-kmp/src/commonMain/kotlin/com/minseonglove/jlptwords/db/dao/StudySessionDao.kt,19,getStudySessionCountByLevel,1,0,0,False,False,1,1
data-kmp,data-kmp/src/commonMain/kotlin/com/minseonglove/jlptwords/db/dao/WordDao.kt,38,getWordCount,1,0,0,False,False,12,12
data-kmp,data-kmp/src/commonMain/kotlin/com/minseonglove/jlptwords/db/dao/WordDao.kt,47,getWordCountByLevel,1,0,0,False,False,12,12
data-kmp,data-kmp/src/commonMain/kotlin/com/minseonglove/jlptwords/db/dao/WordDao.kt,60,getWordCountMissingPartOfSpeech,1,0,0,False,False,12,12
data-kmp,data-kmp/src/commonMain/kotlin/com/minseonglove/jlptwords/db/dao/WordDao.kt,70,getWordsByLevel,1,0,0,False,False,12,12
data-kmp,data-kmp/src/commonMain/kotlin/com/minseonglove/jlptwords/db/dao/WordDao.kt,92,getWordsByLevel,1,0,0,False,False,12,12
data-kmp,data-kmp/src/commonMain/kotlin/com/minseonglove/jlptwords/db/dao/WordDao.kt,124,getWordByKanjiAndPronunciation,1,0,0,False,False,12,12
data-kmp,data-kmp/src/commonMain/kotlin/com/minseonglove/jlptwords/db/dao/WordDao.kt,158,searchWords,1,0,0,False,False,12,12
data-kmp,data-kmp/src/commonMain/kotlin/com/minseonglove/jlptwords/db/dao/WordDao.kt,161,getAllKanji,1,0,0,False,False,12,12
data-kmp,data-kmp/src/commonMain/kotlin/com/minseonglove/jlptwords/db/dao/WordDao.kt,173,getWordKeysOutsideLevel,1,0,0,False,False,12,12
data-kmp,data-kmp/src/commonMain/kotlin/com/minseonglove/jlptwords/db/dao/WordDao.kt,177,getExistingKanjis,1,0,0,False,False,12,12
data-kmp,data-kmp/src/commonMain/kotlin/com/minseonglove/jlptwords/db/dao/WordDao.kt,180,getMinLevelCodeByWordId,1,0,0,False,False,12,12
data-kmp,data-kmp/src/commonMain/kotlin/com/minseonglove/jlptwords/db/dao/WordDao.kt,192,increaseAppearanceCount,1,0,0,False,False,12,12
data-kmp,data-kmp/src/commonMain/kotlin/com/minseonglove/jlptwords/db/dao/WordDao.kt,203,increaseCorrectAndAppearanceCount,1,0,0,False,False,12,12
data-kmp,data-kmp/src/commonMain/kotlin/com/minseonglove/jlptwords/db/dao/WordDao.kt,207,getStudiedWordCount,1,0,0,False,False,12,12
data-kmp,data-kmp/src/commonMain/kotlin/com/minseonglove/jlptwords/db/dao/WordDao.kt,233,getRandomWordHavingExamples,1,0,0,False,False,12,12
data-kmp,data-kmp/src/commonMain/kotlin/com/minseonglove/jlptwords/db/dao/WordInitializeDao.kt,21,insertWords,1,0,0,False,False,4,4
data-kmp,data-kmp/src/commonMain/kotlin/com/minseonglove/jlptwords/db/dao/WordInitializeDao.kt,24,getWordIdByKanjiAndPronunciation,1,0,0,False,False,4,4
data-kmp,data-kmp/src/commonMain/kotlin/com/minseonglove/jlptwords/db/dao/WordInitializeDao.kt,30,insertWordStatistics,1,0,0,False,False,4,4
data-kmp,data-kmp/src/commonMain/kotlin/com/minseonglove/jlptwords/db/dao/WordInitializeDao.kt,33,insertSessions,1,0,0,False,False,4,4
data-kmp,data-kmp/src/commonMain/kotlin/com/minseonglove/jlptwords/db/dao/WordInitializeDao.kt,36,updateSessions,1,0,0,False,False,4,4
data-kmp,data-kmp/src/commonMain/kotlin/com/minseonglove/jlptwords/db/dao/WordInitializeDao.kt,39,deleteSessionsByIds,1,0,0,False,False,4,4
data-kmp,data-kmp/src/commonMain/kotlin/com/minseonglove/jlptwords/db/dao/WordInitializeDao.kt,42,insertMappings,1,0,0,False,False,4,4
data-kmp,data-kmp/src/commonMain/kotlin/com/minseonglove/jlptwords/db/dao/WordInitializeDao.kt,45,updateWordEntities,1,0,0,False,False,4,4
data-kmp,data-kmp/src/commonMain/kotlin/com/minseonglove/jlptwords/db/dao/WordInitializeDao.kt,48,deleteMappingsByLevel,1,0,0,False,False,4,4
data-kmp,data-kmp/src/commonMain/kotlin/com/minseonglove/jlptwords/db/dao/WordInitializeDao.kt,55,deleteWordsWithoutMapping,1,0,0,False,False,4,4
data-kmp,data-kmp/src/commonMain/kotlin/com/minseonglove/jlptwords/db/dao/WordInitializeDao.kt,75,deleteSessionsByLevel,1,0,0,False,False,4,4
data-kmp,data-kmp/src/commonMain/kotlin/com/minseonglove/jlptwords/db/dao/WordInitializeDao.kt,78,getStudySessionsByLevel,1,0,0,False,False,4,4
data-kmp,data-kmp/src/commonMain/kotlin/com/minseonglove/jlptwords/db/dao/WordInitializeDao.kt,81,initWord,1,0,0,False,False,4,4
data-kmp,data-kmp/src/commonMain/kotlin/com/minseonglove/jlptwords/db/dao/WordInitializeDao.kt,99,insertWordsWithStatistics,1,0,0,False,False,4,4
data-kmp,data-kmp/src/commonMain/kotlin/com/minseonglove/jlptwords/db/dao/WordInitializeDao.kt,111,insertLevelMappings,1,0,0,False,False,4,4
data-kmp,data-kmp/src/commonMain/kotlin/com/minseonglove/jlptwords/db/entity/StudyRecordEntity.kt,23,toStudyRecord,1,0,0,False,False,1,1
data-kmp,data-kmp/src/commonMain/kotlin/com/minseonglove/jlptwords/db/entity/StudyRecordEntity.kt,33,toStudyRecordEntity,1,0,0,False,False,1,1
data-kmp,data-kmp/src/commonMain/kotlin/com/minseonglove/jlptwords/db/entity/StudySessionEntity.kt,27,toStudySession,1,0,0,False,False,1,1
data-kmp,data-kmp/src/commonMain/kotlin/com/minseonglove/jlptwords/db/util/ExampleTokenCodec.kt,19,encodeExampleTokens,1,0,0,False,False,1,1
data-kmp,data-kmp/src/commonMain/kotlin/com/minseonglove/jlptwords/db/util/FuriganaCodec.kt,14,encodeFurigana,1,0,0,False,False,1,1
data-kmp,data-kmp/src/commonMain/kotlin/com/minseonglove/jlptwords/db/util/StudySessionGenerator.kt,146,lowAccuracyReviewSession,1,0,0,False,False,4,4
data-kmp,data-kmp/src/commonMain/kotlin/com/minseonglove/jlptwords/db/util/StudySessionGenerator.kt,158,createNormalSession,1,0,0,False,False,4,4
data-kmp,data-kmp/src/commonMain/kotlin/com/minseonglove/jlptwords/db/util/WordLevelDiff.kt,75,key,1,0,0,False,False,1,1
data-kmp,data-kmp/src/commonMain/kotlin/com/minseonglove/jlptwords/repository/AdRepositoryImpl.kt,10,getLastInterstitialAdShowTime,1,0,0,False,False,1,1
data-kmp,data-kmp/src/commonMain/kotlin/com/minseonglove/jlptwords/repository/AdRepositoryImpl.kt,14,setLastInterstitialAdShowTime,1,0,0,False,False,1,1
data-kmp,data-kmp/src/commonMain/kotlin/com/minseonglove/jlptwords/repository/AdRepositoryImpl.kt,18,getAdZeroTime,1,0,0,False,False,1,1
data-kmp,data-kmp/src/commonMain/kotlin/com/minseonglove/jlptwords/repository/AnalyticsRepositoryImpl.kt,10,logStudySessionCompleted,1,0,0,False,False,1,1
data-kmp,data-kmp/src/commonMain/kotlin/com/minseonglove/jlptwords/repository/AppVersionRepositoryImpl.kt,8,getAppVersionName,1,0,0,False,False,1,1
data-kmp,data-kmp/src/commonMain/kotlin/com/minseonglove/jlptwords/repository/ClipBoardRepositoryImpl.kt,8,copyToClipBoard,1,0,0,False,False,1,1
data-kmp,data-kmp/src/commonMain/kotlin/com/minseonglove/jlptwords/repository/InquiryRepositoryImpl.kt,9,getInquiryInfo,1,0,0,False,False,2,2
data-kmp,data-kmp/src/commonMain/kotlin/com/minseonglove/jlptwords/repository/KanjiInfoRepositoryImpl.kt,29,getKanjiInfos,1,0,0,False,False,5,5
data-kmp,data-kmp/src/commonMain/kotlin/com/minseonglove/jlptwords/repository/LevelRepositoryImpl.kt,85,getLastSelectedLevel,1,0,0,False,False,3,3
data-kmp,data-kmp/src/commonMain/kotlin/com/minseonglove/jlptwords/repository/LevelRepositoryImpl.kt,89,observeLastSelectedLevel,1,0,0,False,False,3,3
data-kmp,data-kmp/src/commonMain/kotlin/com/minseonglove/jlptwords/repository/LevelRepositoryImpl.kt,91,setLastSelectedLevel,1,0,0,False,False,3,3
data-kmp,data-kmp/src/commonMain/kotlin/com/minseonglove/jlptwords/repository/SettingRepositoryImpl.kt,10,observeJapaneseLanguageEnabled,1,0,0,False,False,2,2
data-kmp,data-kmp/src/commonMain/kotlin/com/minseonglove/jlptwords/repository/SettingRepositoryImpl.kt,12,getSettingPreferences,1,0,0,False,False,2,2
data-kmp,data-kmp/src/commonMain/kotlin/com/minseonglove/jlptwords/repository/SettingRepositoryImpl.kt,22,setStudyNotificationEnabled,1,0,0,False,False,2,2
data-kmp,data-kmp/src/commonMain/kotlin/com/minseonglove/jlptwords/repository/SettingRepositoryImpl.kt,26,setStudyNotificationTime,1,0,0,False,False,2,2
data-kmp,data-kmp/src/commonMain/kotlin/com/minseonglove/jlptwords/repository/SettingRepositoryImpl.kt,36,setJapaneseLanguageEnabled,1,0,0,False,False,2,2
data-kmp,data-kmp/src/commonMain/kotlin/com/minseonglove/jlptwords/repository/StreakRepositoryImpl.kt,13,addStreak,1,0,0,False,False,2,2
data-kmp,data-kmp/src/commonMain/kotlin/com/minseonglove/jlptwords/repository/StreakRepositoryImpl.kt,23,getStreakInfo,1,0,0,False,False,2,2
data-kmp,data-kmp/src/commonMain/kotlin/com/minseonglove/jlptwords/repository/StudyHelpRepositoryImpl.kt,8,hasSeenStudyHelp,1,0,0,False,False,1,1
data-kmp,data-kmp/src/commonMain/kotlin/com/minseonglove/jlptwords/repository/StudyHelpRepositoryImpl.kt,12,setStudyHelpSeen,1,0,0,False,False,1,1
data-kmp,data-kmp/src/commonMain/kotlin/com/minseonglove/jlptwords/repository/StudyRecordRepositoryImpl.kt,11,getAllStudyRecords,1,0,0,False,False,3,3
data-kmp,data-kmp/src/commonMain/kotlin/com/minseonglove/jlptwords/repository/StudyRecordRepositoryImpl.kt,17,getLatestStudyRecord,1,0,0,False,False,3,3
data-kmp,data-kmp/src/commonMain/kotlin/com/minseonglove/jlptwords/repository/StudyRecordRepositoryImpl.kt,21,getStudyRecordsByLevel,1,0,0,False,False,3,3
data-kmp,data-kmp/src/commonMain/kotlin/com/minseonglove/jlptwords/repository/StudyRecordRepositoryImpl.kt,27,getStudyRecordsBySessionId,1,0,0,False,False,3,3
data-kmp,data-kmp/src/commonMain/kotlin/com/minseonglove/jlptwords/repository/StudyRecordRepositoryImpl.kt,33,addStudyRecord,1,0,0,False,False,3,3
data-kmp,data-kmp/src/commonMain/kotlin/com/minseonglove/jlptwords/repository/StudySessionRepositoryImpl.kt,76,getStudySessionsByLevel,1,0,0,False,False,4,4
data-kmp,data-kmp/src/commonMain/kotlin/com/minseonglove/jlptwords/repository/StudySessionRepositoryImpl.kt,87,getStudySessionCount,1,0,0,False,False,4,4
data-kmp,data-kmp/src/commonMain/kotlin/com/minseonglove/jlptwords/repository/StudySessionRepositoryImpl.kt,93,getLevelBySessionId,1,0,0,False,False,4,4
data-kmp,data-kmp/src/commonMain/kotlin/com/minseonglove/jlptwords/repository/StudyStatusRepositoryImpl.kt,9,getStudyStatus,1,0,0,False,False,1,1
data-kmp,data-kmp/src/commonMain/kotlin/com/minseonglove/jlptwords/repository/StudyStatusRepositoryImpl.kt,13,setStudyStatus,1,0,0,False,False,1,1
data-kmp,data-kmp/src/commonMain/kotlin/com/minseonglove/jlptwords/repository/TimeRepositoryImpl.kt,9,getRealCurrentTimeMillis,1,0,0,False,False,3,3
data-kmp,data-kmp/src/commonMain/kotlin/com/minseonglove/jlptwords/repository/TimeRepositoryImpl.kt,15,getDeviceCurrentTimeMillis,1,0,0,False,False,3,3
data-kmp,data-kmp/src/commonMain/kotlin/com/minseonglove/jlptwords/repository/WordRepositoryImpl.kt,11,increaseAppearanceCount,1,0,0,False,False,6,6
data-kmp,data-kmp/src/commonMain/kotlin/com/minseonglove/jlptwords/repository/WordRepositoryImpl.kt,17,increaseCorrectAndAppearanceCount,1,0,0,False,False,6,6
data-kmp,data-kmp/src/commonMain/kotlin/com/minseonglove/jlptwords/repository/WordRepositoryImpl.kt,23,getWord,1,0,0,False,False,6,6
data-kmp,data-kmp/src/commonMain/kotlin/com/minseonglove/jlptwords/repository/WordRepositoryImpl.kt,28,getJlptLevel,1,0,0,False,False,6,6
data-kmp,data-kmp/src/commonMain/kotlin/com/minseonglove/jlptwords/repository/WordRepositoryImpl.kt,30,searchWords,1,0,0,False,False,6,6
data-kmp,data-kmp/src/commonMain/kotlin/com/minseonglove/jlptwords/serializer/StudyStatusSerializer.kt,21,writeTo,1,0,0,False,False,1,1
data-kmp,data-kmp/src/commonMain/kotlin/com/minseonglove/jlptwords/service/FirestoreService.kt,10,getWords,1,0,0,False,False,9,9
data-kmp,data-kmp/src/commonMain/kotlin/com/minseonglove/jlptwords/service/FirestoreService.kt,12,getWordCount,1,0,0,False,False,9,9
data-kmp,data-kmp/src/commonMain/kotlin/com/minseonglove/jlptwords/service/FirestoreService.kt,18,getExampleChunkBlobs,1,0,0,False,False,9,9
data-kmp,data-kmp/src/commonMain/kotlin/com/minseonglove/jlptwords/service/FirestoreService.kt,24,getReadingsBlob,1,0,0,False,False,9,9
data-kmp,data-kmp/src/commonMain/kotlin/com/minseonglove/jlptwords/service/FirestoreService.kt,26,getContentUpdateDate,1,0,0,False,False,9,9
data-kmp,data-kmp/src/commonMain/kotlin/com/minseonglove/jlptwords/service/FirestoreService.kt,32,getAllContentUpdateDates,1,0,0,False,False,9,9
data-kmp,data-kmp/src/commonMain/kotlin/com/minseonglove/jlptwords/service/FirestoreService.kt,34,getReadingsUpdateDate,1,0,0,False,False,9,9
data-kmp,data-kmp/src/commonMain/kotlin/com/minseonglove/jlptwords/service/FirestoreService.kt,36,getKanjiInfo,1,0,0,False,False,9,9
data-kmp,data-kmp/src/commonMain/kotlin/com/minseonglove/jlptwords/service/FirestoreService.kt,38,getKanjiUpdateDate,1,0,0,False,False,9,9
data-kmp,data-kmp/src/commonMain/kotlin/com/minseonglove/jlptwords/util/Inflate.kt,8,inflateRaw,1,0,0,False,False,1,1
data-kmp,data-kmp/src/commonMain/kotlin/com/minseonglove/jlptwords/util/PlatformTime.kt,12,elapsedRealtime,1,0,0,False,False,3,3
data-kmp,data-kmp/src/commonMain/kotlin/com/minseonglove/jlptwords/util/PlatformTime.kt,17,currentTimeMillis,1,0,0,False,False,3,3
data-kmp,data-kmp/src/commonMain/kotlin/com/minseonglove/jlptwords/util/PlatformTime.kt,28,getCurrentDaysFromEpoch,1,0,0,False,False,3,3
data-kmp,data-kmp/src/commonMain/kotlin/com/minseonglove/jlptwords/util/SystemLanguage.kt,8,isSystemLanguageJapanese,1,0,0,False,False,1,1
data-kmp,data-kmp/src/iosMain/kotlin/com/minseonglove/jlptwords/datasource/AppVersionDataSource.ios.kt,6,getAppVersionName,1,0,0,False,False,1,1
data-kmp,data-kmp/src/iosMain/kotlin/com/minseonglove/jlptwords/datasource/ClipBoardDataSource.ios.kt,6,copyToClipBoard,1,0,0,False,False,1,1
data-kmp,data-kmp/src/iosMain/kotlin/com/minseonglove/jlptwords/datasource/DataStoreFactory.ios.kt,16,createDataStore,1,0,0,False,False,3,3
data-kmp,data-kmp/src/iosMain/kotlin/com/minseonglove/jlptwords/datasource/DataStoreFactory.ios.kt,30,createStudyStatusDataStore,1,0,0,False,False,3,3
data-kmp,data-kmp/src/iosMain/kotlin/com/minseonglove/jlptwords/datasource/DeviceInfoDataSource.ios.kt,19,getModelName,1,0,0,False,False,2,2
data-kmp,data-kmp/src/iosMain/kotlin/com/minseonglove/jlptwords/datasource/DeviceInfoDataSource.ios.kt,26,getOsVersion,1,0,0,False,False,2,2
data-kmp,data-kmp/src/iosMain/kotlin/com/minseonglove/jlptwords/db/DatabaseBuilder.ios.kt,15,getDatabaseBuilder,1,0,0,False,False,3,3
data-kmp,data-kmp/src/iosMain/kotlin/com/minseonglove/jlptwords/service/FirestoreService.kt,207,getValidWords,1,0,0,False,False,13,13
data-kmp,data-kmp/src/iosMain/kotlin/com/minseonglove/jlptwords/util/PlatformTime.ios.kt,17,elapsedRealtime,1,0,0,False,False,4,4
data-kmp,data-kmp/src/iosMain/kotlin/com/minseonglove/jlptwords/util/PlatformTime.ios.kt,19,currentTimeMillis,1,0,0,False,False,4,4
data-kmp,data-kmp/src/iosMain/kotlin/com/minseonglove/jlptwords/util/SystemLanguage.ios.kt,6,isSystemLanguageJapanese,1,0,0,False,False,1,1
domain-kmp,domain-kmp/src/commonMain/kotlin/com/minseonglove/jlptwords/repository/AdRepository.kt,4,getLastInterstitialAdShowTime,1,0,0,False,False,1,1
domain-kmp,domain-kmp/src/commonMain/kotlin/com/minseonglove/jlptwords/repository/AdRepository.kt,6,setLastInterstitialAdShowTime,1,0,0,False,False,1,1
domain-kmp,domain-kmp/src/commonMain/kotlin/com/minseonglove/jlptwords/repository/AdRepository.kt,8,getAdZeroTime,1,0,0,False,False,1,1
domain-kmp,domain-kmp/src/commonMain/kotlin/com/minseonglove/jlptwords/repository/AdRepository.kt,10,addAdZeroTime,1,0,0,False,False,1,1
domain-kmp,domain-kmp/src/commonMain/kotlin/com/minseonglove/jlptwords/repository/AdRepository.kt,12,isAdZeroEnabled,1,0,0,False,False,1,1
domain-kmp,domain-kmp/src/commonMain/kotlin/com/minseonglove/jlptwords/repository/AnalyticsRepository.kt,6,logStudySessionCompleted,1,0,0,False,False,1,1
domain-kmp,domain-kmp/src/commonMain/kotlin/com/minseonglove/jlptwords/repository/AppVersionRepository.kt,4,getAppVersionName,1,0,0,False,False,1,1
domain-kmp,domain-kmp/src/commonMain/kotlin/com/minseonglove/jlptwords/repository/ClipBoardRepository.kt,4,copyToClipBoard,1,0,0,False,False,1,1
domain-kmp,domain-kmp/src/commonMain/kotlin/com/minseonglove/jlptwords/repository/HomeRepository.kt,13,getTodayExample,1,0,0,False,False,1,1
domain-kmp,domain-kmp/src/commonMain/kotlin/com/minseonglove/jlptwords/repository/HomeRepository.kt,21,getStudiedWordCount,1,0,0,False,False,1,1
domain-kmp,domain-kmp/src/commonMain/kotlin/com/minseonglove/jlptwords/repository/InquiryRepository.kt,6,getInquiryInfo,1,0,0,False,False,1,1
domain-kmp,domain-kmp/src/commonMain/kotlin/com/minseonglove/jlptwords/repository/KanjiInfoRepository.kt,17,syncIfNeeded,1,0,0,False,False,4,4
domain-kmp,domain-kmp/src/commonMain/kotlin/com/minseonglove/jlptwords/repository/KanjiInfoRepository.kt,25,getKanjiInfos,1,0,0,False,False,4,4
domain-kmp,domain-kmp/src/commonMain/kotlin/com/minseonglove/jlptwords/repository/LevelRepository.kt,8,getLevelSummaries,1,0,0,False,False,2,2
domain-kmp,domain-kmp/src/commonMain/kotlin/com/minseonglove/jlptwords/repository/LevelRepository.kt,10,getLastSelectedLevel,1,0,0,False,False,2,2
domain-kmp,domain-kmp/src/commonMain/kotlin/com/minseonglove/jlptwords/repository/LevelRepository.kt,12,observeLastSelectedLevel,1,0,0,False,False,2,2
domain-kmp,domain-kmp/src/commonMain/kotlin/com/minseonglove/jlptwords/repository/LevelRepository.kt,14,setLastSelectedLevel,1,0,0,False,False,2,2
domain-kmp,domain-kmp/src/commonMain/kotlin/com/minseonglove/jlptwords/repository/SettingRepository.kt,7,getSettingPreferences,1,0,0,False,False,2,2
domain-kmp,domain-kmp/src/commonMain/kotlin/com/minseonglove/jlptwords/repository/SettingRepository.kt,9,observeJapaneseLanguageEnabled,1,0,0,False,False,2,2
domain-kmp,domain-kmp/src/commonMain/kotlin/com/minseonglove/jlptwords/repository/SettingRepository.kt,11,setStudyNotificationEnabled,1,0,0,False,False,2,2
domain-kmp,domain-kmp/src/commonMain/kotlin/com/minseonglove/jlptwords/repository/SettingRepository.kt,15,setStudyNotificationTime,1,0,0,False,False,2,2
domain-kmp,domain-kmp/src/commonMain/kotlin/com/minseonglove/jlptwords/repository/SettingRepository.kt,20,setJapaneseLanguageEnabled,1,0,0,False,False,2,2
domain-kmp,domain-kmp/src/commonMain/kotlin/com/minseonglove/jlptwords/repository/StreakRepository.kt,6,addStreak,1,0,0,False,False,1,1
domain-kmp,domain-kmp/src/commonMain/kotlin/com/minseonglove/jlptwords/repository/StreakRepository.kt,8,getStreakInfo,1,0,0,False,False,1,1
domain-kmp,domain-kmp/src/commonMain/kotlin/com/minseonglove/jlptwords/repository/StudyHelpRepository.kt,5,hasSeenStudyHelp,1,0,0,False,False,1,1
domain-kmp,domain-kmp/src/commonMain/kotlin/com/minseonglove/jlptwords/repository/StudyHelpRepository.kt,7,setStudyHelpSeen,1,0,0,False,False,1,1
domain-kmp,domain-kmp/src/commonMain/kotlin/com/minseonglove/jlptwords/repository/StudyRecordRepository.kt,7,getAllStudyRecords,1,0,0,False,False,3,3
domain-kmp,domain-kmp/src/commonMain/kotlin/com/minseonglove/jlptwords/repository/StudyRecordRepository.kt,10,getLatestStudyRecord,1,0,0,False,False,3,3
domain-kmp,domain-kmp/src/commonMain/kotlin/com/minseonglove/jlptwords/repository/StudyRecordRepository.kt,12,getStudyRecordsByLevel,1,0,0,False,False,3,3
domain-kmp,domain-kmp/src/commonMain/kotlin/com/minseonglove/jlptwords/repository/StudyRecordRepository.kt,14,getStudyRecordsBySessionId,1,0,0,False,False,3,3
domain-kmp,domain-kmp/src/commonMain/kotlin/com/minseonglove/jlptwords/repository/StudyRecordRepository.kt,16,addStudyRecord,1,0,0,False,False,3,3
domain-kmp,domain-kmp/src/commonMain/kotlin/com/minseonglove/jlptwords/repository/StudySessionRepository.kt,8,getWordsByStudySessionId,1,0,0,False,False,1,1
domain-kmp,domain-kmp/src/commonMain/kotlin/com/minseonglove/jlptwords/repository/StudySessionRepository.kt,10,getStudySessionsByLevel,1,0,0,False,False,1,1
domain-kmp,domain-kmp/src/commonMain/kotlin/com/minseonglove/jlptwords/repository/StudySessionRepository.kt,14,getStudySessionCount,1,0,0,False,False,1,1
domain-kmp,domain-kmp/src/commonMain/kotlin/com/minseonglove/jlptwords/repository/StudySessionRepository.kt,18,getLevelBySessionId,1,0,0,False,False,1,1
domain-kmp,domain-kmp/src/commonMain/kotlin/com/minseonglove/jlptwords/repository/StudyStatusRepository.kt,6,getStudyStatus,1,0,0,False,False,1,1
domain-kmp,domain-kmp/src/commonMain/kotlin/com/minseonglove/jlptwords/repository/StudyStatusRepository.kt,8,setStudyStatus,1,0,0,False,False,1,1
domain-kmp,domain-kmp/src/commonMain/kotlin/com/minseonglove/jlptwords/repository/TimeRepository.kt,4,getRealCurrentTimeMillis,1,0,0,False,False,2,2
domain-kmp,domain-kmp/src/commonMain/kotlin/com/minseonglove/jlptwords/repository/TimeRepository.kt,7,getDeviceCurrentTimeMillis,1,0,0,False,False,2,2
domain-kmp,domain-kmp/src/commonMain/kotlin/com/minseonglove/jlptwords/repository/WordInitializeRepository.kt,9,initializeWordsIfEmpty,1,0,0,False,False,5,5
domain-kmp,domain-kmp/src/commonMain/kotlin/com/minseonglove/jlptwords/repository/WordInitializeRepository.kt,21,initializeAllContents,1,0,0,False,False,5,5
domain-kmp,domain-kmp/src/commonMain/kotlin/com/minseonglove/jlptwords/repository/WordRepository.kt,8,increaseAppearanceCount,1,0,0,False,False,6,6
domain-kmp,domain-kmp/src/commonMain/kotlin/com/minseonglove/jlptwords/repository/WordRepository.kt,12,increaseCorrectAndAppearanceCount,1,0,0,False,False,6,6
domain-kmp,domain-kmp/src/commonMain/kotlin/com/minseonglove/jlptwords/repository/WordRepository.kt,21,getWord,1,0,0,False,False,6,6
domain-kmp,domain-kmp/src/commonMain/kotlin/com/minseonglove/jlptwords/repository/WordRepository.kt,27,getJlptLevel,1,0,0,False,False,6,6
domain-kmp,domain-kmp/src/commonMain/kotlin/com/minseonglove/jlptwords/repository/WordRepository.kt,33,searchWords,1,0,0,False,False,6,6
domain-kmp,domain-kmp/src/commonMain/kotlin/com/minseonglove/jlptwords/usecase/AddAdZeroTime.kt,8,invoke,1,0,0,False,False,1,1
domain-kmp,domain-kmp/src/commonMain/kotlin/com/minseonglove/jlptwords/usecase/AddStreak.kt,8,invoke,1,0,0,False,False,1,1
domain-kmp,domain-kmp/src/commonMain/kotlin/com/minseonglove/jlptwords/usecase/AddStudyRecord.kt,8,invoke,1,0,0,False,False,1,1
domain-kmp,domain-kmp/src/commonMain/kotlin/com/minseonglove/jlptwords/usecase/CopyToClipboard.kt,8,invoke,1,0,0,False,False,1,1
domain-kmp,domain-kmp/src/commonMain/kotlin/com/minseonglove/jlptwords/usecase/GetAdZeroTime.kt,8,invoke,1,0,0,False,False,1,1
domain-kmp,domain-kmp/src/commonMain/kotlin/com/minseonglove/jlptwords/usecase/GetAllLevelSummaries.kt,9,invoke,1,0,0,False,False,1,1
domain-kmp,domain-kmp/src/commonMain/kotlin/com/minseonglove/jlptwords/usecase/GetAllStudyRecords.kt,9,invoke,1,0,0,False,False,1,1
domain-kmp,domain-kmp/src/commonMain/kotlin/com/minseonglove/jlptwords/usecase/GetAppVersionName.kt,8,invoke,1,0,0,False,False,1,1
domain-kmp,domain-kmp/src/commonMain/kotlin/com/minseonglove/jlptwords/usecase/GetInquiryInfo.kt,9,invoke,1,0,0,False,False,1,1
domain-kmp,domain-kmp/src/commonMain/kotlin/com/minseonglove/jlptwords/usecase/GetLastInterstitialAdShowTime.kt,8,invoke,1,0,0,False,False,1,1
domain-kmp,domain-kmp/src/commonMain/kotlin/com/minseonglove/jlptwords/usecase/GetLastSelectedLevel.kt,9,invoke,1,0,0,False,False,1,1
domain-kmp,domain-kmp/src/commonMain/kotlin/com/minseonglove/jlptwords/usecase/GetLevelByStudySessionId.kt,9,invoke,1,0,0,False,False,1,1
domain-kmp,domain-kmp/src/commonMain/kotlin/com/minseonglove/jlptwords/usecase/GetRealTimeMillis.kt,8,invoke,1,0,0,False,False,1,1
domain-kmp,domain-kmp/src/commonMain/kotlin/com/minseonglove/jlptwords/usecase/GetSettingPreferences.kt,9,invoke,1,0,0,False,False,1,1
domain-kmp,domain-kmp/src/commonMain/kotlin/com/minseonglove/jlptwords/usecase/GetStreakInfo.kt,9,invoke,1,0,0,False,False,1,1
domain-kmp,domain-kmp/src/commonMain/kotlin/com/minseonglove/jlptwords/usecase/GetStudyOverview.kt,33,invoke,1,0,0,False,False,1,1
domain-kmp,domain-kmp/src/commonMain/kotlin/com/minseonglove/jlptwords/usecase/GetStudyOverview.kt,92,isCreatedAt,1,0,0,False,False,1,1
domain-kmp,domain-kmp/src/commonMain/kotlin/com/minseonglove/jlptwords/usecase/GetStudyRecordsByLevel.kt,10,invoke,1,0,0,False,False,1,1
domain-kmp,domain-kmp/src/commonMain/kotlin/com/minseonglove/jlptwords/usecase/GetStudyRecordsBySessionId.kt,9,invoke,1,0,0,False,False,1,1
domain-kmp,domain-kmp/src/commonMain/kotlin/com/minseonglove/jlptwords/usecase/GetStudySessionsByLevel.kt,10,invoke,1,0,0,False,False,1,1
domain-kmp,domain-kmp/src/commonMain/kotlin/com/minseonglove/jlptwords/usecase/GetStudyStatistic.kt,19,invoke,1,0,0,False,False,4,4
domain-kmp,domain-kmp/src/commonMain/kotlin/com/minseonglove/jlptwords/usecase/GetStudyStatus.kt,9,invoke,1,0,0,False,False,1,1
domain-kmp,domain-kmp/src/commonMain/kotlin/com/minseonglove/jlptwords/usecase/GetTodayExample.kt,10,invoke,1,0,0,False,False,1,1
domain-kmp,domain-kmp/src/commonMain/kotlin/com/minseonglove/jlptwords/usecase/GetWordsByStudySessionId.kt,9,invoke,1,0,0,False,False,1,1
domain-kmp,domain-kmp/src/commonMain/kotlin/com/minseonglove/jlptwords/usecase/HasSeenStudyHelp.kt,8,invoke,1,0,0,False,False,1,1
domain-kmp,domain-kmp/src/commonMain/kotlin/com/minseonglove/jlptwords/usecase/IncreaseAppearanceCount.kt,8,invoke,1,0,0,False,False,2,2
domain-kmp,domain-kmp/src/commonMain/kotlin/com/minseonglove/jlptwords/usecase/IncreaseCorrectAndAppearanceCount.kt,8,invoke,1,0,0,False,False,2,2
domain-kmp,domain-kmp/src/commonMain/kotlin/com/minseonglove/jlptwords/usecase/InitializeAllContents.kt,17,invoke,1,0,0,False,False,2,2
domain-kmp,domain-kmp/src/commonMain/kotlin/com/minseonglove/jlptwords/usecase/InitializeWordsIfEmpty.kt,11,invoke,1,0,0,False,False,1,1
domain-kmp,domain-kmp/src/commonMain/kotlin/com/minseonglove/jlptwords/usecase/IsAdZeroEnabled.kt,9,invoke,1,0,0,False,False,2,2
domain-kmp,domain-kmp/src/commonMain/kotlin/com/minseonglove/jlptwords/usecase/LogStudySessionCompleted.kt,9,invoke,1,0,0,False,False,1,1
domain-kmp,domain-kmp/src/commonMain/kotlin/com/minseonglove/jlptwords/usecase/ObserveJapaneseLanguageEnabled.kt,9,invoke,1,0,0,False,False,1,1
domain-kmp,domain-kmp/src/commonMain/kotlin/com/minseonglove/jlptwords/usecase/ObserveLastSelectedLevel.kt,10,invoke,1,0,0,False,False,1,1
domain-kmp,domain-kmp/src/commonMain/kotlin/com/minseonglove/jlptwords/usecase/SetJapaneseLanguageEnabled.kt,8,invoke,1,0,0,False,False,1,1
domain-kmp,domain-kmp/src/commonMain/kotlin/com/minseonglove/jlptwords/usecase/SetLastInterstitialAdShowTime.kt,8,invoke,1,0,0,False,False,1,1
domain-kmp,domain-kmp/src/commonMain/kotlin/com/minseonglove/jlptwords/usecase/SetLastSelectedLevel.kt,9,invoke,1,0,0,False,False,1,1
domain-kmp,domain-kmp/src/commonMain/kotlin/com/minseonglove/jlptwords/usecase/SetStudyHelpSeen.kt,8,invoke,1,0,0,False,False,1,1
domain-kmp,domain-kmp/src/commonMain/kotlin/com/minseonglove/jlptwords/usecase/SetStudyNotificationEnabled.kt,8,invoke,1,0,0,False,False,1,1
domain-kmp,domain-kmp/src/commonMain/kotlin/com/minseonglove/jlptwords/usecase/SetStudyNotificationTime.kt,8,invoke,1,0,0,False,False,1,1
domain-kmp,domain-kmp/src/commonMain/kotlin/com/minseonglove/jlptwords/usecase/SetStudyStatus.kt,9,invoke,1,0,0,False,False,1,1
domain-kmp,domain-kmp/src/commonMain/kotlin/com/minseonglove/jlptwords/util/EpochTime.kt,11,toLocalDate,1,0,0,False,False,1,1
domain-kmp,domain-kmp/src/commonMain/kotlin/com/minseonglove/jlptwords/util/KanjiExtractor.kt,15,isKanji,1,0,0,False,False,2,2
domain-kmp,domain-kmp/src/commonMain/kotlin/com/minseonglove/jlptwords/util/KanjiExtractor.kt,23,extractKanji,1,0,0,False,False,2,2
presentation-kmp,presentation-kmp/src/androidMain/kotlin/com/minseonglove/jlptwords/ad/InterstitialAdManagerImpl.android.kt,36,requestInterstitialAd,1,0,0,False,False,6,6
presentation-kmp,presentation-kmp/src/androidMain/kotlin/com/minseonglove/jlptwords/ad/InterstitialAdManagerImpl.android.kt,83,clearAd,1,0,0,False,False,6,6
presentation-kmp,presentation-kmp/src/androidMain/kotlin/com/minseonglove/jlptwords/ad/InterstitialAdManagerImpl.android.kt,101,stopRefreshAd,1,0,0,False,False,6,6
presentation-kmp,presentation-kmp/src/androidMain/kotlin/com/minseonglove/jlptwords/ad/InterstitialAdManagerImpl.android.kt,120,isAdZeroEnabled,1,0,0,False,False,6,6
presentation-kmp,presentation-kmp/src/androidMain/kotlin/com/minseonglove/jlptwords/ad/NativeAdManagerImpl.android.kt,45,load,1,0,0,False,False,7,7
presentation-kmp,presentation-kmp/src/androidMain/kotlin/com/minseonglove/jlptwords/ad/NativeAdManagerImpl.android.kt,80,clearAd,1,0,0,False,False,7,7
presentation-kmp,presentation-kmp/src/androidMain/kotlin/com/minseonglove/jlptwords/ad/NativeAdManagerImpl.android.kt,98,stopRefreshAd,1,0,0,False,False,7,7
presentation-kmp,presentation-kmp/src/androidMain/kotlin/com/minseonglove/jlptwords/ad/PlatformInterstitialAd.android.kt,11,show,1,0,0,False,False,4,4
presentation-kmp,presentation-kmp/src/androidMain/kotlin/com/minseonglove/jlptwords/ad/PlatformInterstitialAd.android.kt,18,setFullScreenContentCallback,1,0,0,False,False,4,4
presentation-kmp,presentation-kmp/src/androidMain/kotlin/com/minseonglove/jlptwords/ad/PlatformRewardedAd.android.kt,11,show,1,0,0,False,False,4,4
presentation-kmp,presentation-kmp/src/androidMain/kotlin/com/minseonglove/jlptwords/ad/PlatformRewardedAd.android.kt,24,setFullScreenContentCallback,1,0,0,False,False,4,4
presentation-kmp,presentation-kmp/src/androidMain/kotlin/com/minseonglove/jlptwords/ad/RewardedAdManagerImpl.android.kt,65,clearAd,1,0,0,False,False,4,4
presentation-kmp,presentation-kmp/src/androidMain/kotlin/com/minseonglove/jlptwords/ad/TrackingConsentManagerImpl.android.kt,4,requestAuthorizationIfNeeded,1,0,0,False,False,1,1
presentation-kmp,presentation-kmp/src/androidMain/kotlin/com/minseonglove/jlptwords/extension/IntEx.kt,6,formatWithCommas,1,0,0,False,False,1,1
presentation-kmp,presentation-kmp/src/androidMain/kotlin/com/minseonglove/jlptwords/tts/TTSManager.android.kt,60,speak,1,0,0,False,False,5,5
presentation-kmp,presentation-kmp/src/androidMain/kotlin/com/minseonglove/jlptwords/tts/TTSManager.android.kt,79,stop,1,0,0,False,False,5,5
presentation-kmp,presentation-kmp/src/androidMain/kotlin/com/minseonglove/jlptwords/tts/TTSManager.android.kt,83,release,1,0,0,False,False,5,5
presentation-kmp,presentation-kmp/src/androidMain/kotlin/com/minseonglove/jlptwords/ui/nativead/NativeAdImage.android.kt,12,NativeAdImage,1,0,0,False,True,1,1
presentation-kmp,presentation-kmp/src/androidMain/kotlin/com/minseonglove/jlptwords/ui/nativead/NativeAdView.android.kt,19,NativeAdView,1,0,0,False,True,1,1
presentation-kmp,presentation-kmp/src/androidMain/kotlin/com/minseonglove/jlptwords/util/ActivityProvider.kt,17,register,1,2,0,False,False,2,2
presentation-kmp,presentation-kmp/src/androidMain/kotlin/com/minseonglove/jlptwords/util/AppLanguage.android.kt,7,applyAppLanguage,1,0,0,False,False,1,1
presentation-kmp,presentation-kmp/src/androidMain/kotlin/com/minseonglove/jlptwords/util/ContextProvider.kt,16,register,1,0,0,False,False,1,1
presentation-kmp,presentation-kmp/src/androidMain/kotlin/com/minseonglove/jlptwords/util/FinishApp.android.kt,3,finishApp,1,0,0,False,False,2,2
presentation-kmp,presentation-kmp/src/androidMain/kotlin/com/minseonglove/jlptwords/util/TimeProvider.android.kt,4,currentTimeMillis,1,0,0,False,False,1,1
presentation-kmp,presentation-kmp/src/commonMain/kotlin/com/minseonglove/jlptwords/ad/AdManager.kt,4,load,1,0,0,False,False,2,2
presentation-kmp,presentation-kmp/src/commonMain/kotlin/com/minseonglove/jlptwords/ad/AdManager.kt,6,getValidAd,1,0,0,False,False,2,2
presentation-kmp,presentation-kmp/src/commonMain/kotlin/com/minseonglove/jlptwords/ad/AdManager.kt,8,clearAd,1,0,0,False,False,2,2
presentation-kmp,presentation-kmp/src/commonMain/kotlin/com/minseonglove/jlptwords/ad/InterstitialAdManager.kt,4,startRefreshAd,1,0,0,False,False,2,2
presentation-kmp,presentation-kmp/src/commonMain/kotlin/com/minseonglove/jlptwords/ad/InterstitialAdManager.kt,6,stopRefreshAd,1,0,0,False,False,2,2
presentation-kmp,presentation-kmp/src/commonMain/kotlin/com/minseonglove/jlptwords/ad/NativeAdManager.kt,4,startRefreshAd,1,0,0,False,False,2,2
presentation-kmp,presentation-kmp/src/commonMain/kotlin/com/minseonglove/jlptwords/ad/NativeAdManager.kt,6,stopRefreshAd,1,0,0,False,False,2,2
presentation-kmp,presentation-kmp/src/commonMain/kotlin/com/minseonglove/jlptwords/ad/PlatformFullScreenContentCallback.kt,4,onAdShowedFullScreenContent,1,0,0,False,False,1,1
presentation-kmp,presentation-kmp/src/commonMain/kotlin/com/minseonglove/jlptwords/ad/PlatformFullScreenContentCallback.kt,6,onAdFailedToShowFullScreenContent,1,0,0,False,False,1,1
presentation-kmp,presentation-kmp/src/commonMain/kotlin/com/minseonglove/jlptwords/ad/PlatformFullScreenContentCallback.kt,8,onAdDismissedFullScreenContent,1,0,0,False,False,1,1
presentation-kmp,presentation-kmp/src/commonMain/kotlin/com/minseonglove/jlptwords/ad/PlatformInterstitialAd.kt,4,show,1,0,0,False,False,3,3
presentation-kmp,presentation-kmp/src/commonMain/kotlin/com/minseonglove/jlptwords/ad/PlatformInterstitialAd.kt,6,setFullScreenContentCallback,1,0,0,False,False,3,3
presentation-kmp,presentation-kmp/src/commonMain/kotlin/com/minseonglove/jlptwords/ad/PlatformRewardedAd.kt,4,show,1,0,0,False,False,3,3
presentation-kmp,presentation-kmp/src/commonMain/kotlin/com/minseonglove/jlptwords/ad/PlatformRewardedAd.kt,8,setFullScreenContentCallback,1,0,0,False,False,3,3
presentation-kmp,presentation-kmp/src/commonMain/kotlin/com/minseonglove/jlptwords/ad/TrackingConsentManager.kt,8,requestAuthorizationIfNeeded,1,0,0,False,False,1,1
presentation-kmp,presentation-kmp/src/commonMain/kotlin/com/minseonglove/jlptwords/extension/IntEx.kt,3,formatWithCommas,1,0,0,False,False,2,2
presentation-kmp,presentation-kmp/src/commonMain/kotlin/com/minseonglove/jlptwords/extension/ModifierEx.kt,13,drawShadow,1,0,0,False,True,2,2
presentation-kmp,presentation-kmp/src/commonMain/kotlin/com/minseonglove/jlptwords/navigation/AppNavHost.kt,177,splashGraph,1,0,0,False,False,23,23
presentation-kmp,presentation-kmp/src/commonMain/kotlin/com/minseonglove/jlptwords/navigation/AppNavHost.kt,206,studyGraph,1,0,0,False,False,23,23
presentation-kmp,presentation-kmp/src/commonMain/kotlin/com/minseonglove/jlptwords/navigation/AppNavHost.kt,229,settingGraph,1,0,0,False,False,23,23
presentation-kmp,presentation-kmp/src/commonMain/kotlin/com/minseonglove/jlptwords/navigation/AppNavHost.kt,244,openSourceLicensesGraph,1,0,0,False,False,23,23
presentation-kmp,presentation-kmp/src/commonMain/kotlin/com/minseonglove/jlptwords/navigation/AppNavHost.kt,258,wordDetailGraph,1,0,0,False,False,23,23
presentation-kmp,presentation-kmp/src/commonMain/kotlin/com/minseonglove/jlptwords/navigation/NavigationGuards.kt,13,isIdle,1,0,0,False,False,1,1
presentation-kmp,presentation-kmp/src/commonMain/kotlin/com/minseonglove/jlptwords/navigation/type/LevelSelectionNavType.kt,14,put,1,0,0,False,False,1,1
presentation-kmp,presentation-kmp/src/commonMain/kotlin/com/minseonglove/jlptwords/navigation/type/LevelSelectionNavType.kt,24,get,1,0,0,False,False,1,1
presentation-kmp,presentation-kmp/src/commonMain/kotlin/com/minseonglove/jlptwords/navigation/type/LevelSelectionNavType.kt,32,parseValue,1,0,0,False,False,1,1
presentation-kmp,presentation-kmp/src/commonMain/kotlin/com/minseonglove/jlptwords/navigation/type/LevelSelectionNavType.kt,38,serializeAsValue,1,0,0,False,False,1,1
presentation-kmp,presentation-kmp/src/commonMain/kotlin/com/minseonglove/jlptwords/navigation/type/StudyNavType.kt,17,put,1,0,0,False,False,2,2
presentation-kmp,presentation-kmp/src/commonMain/kotlin/com/minseonglove/jlptwords/navigation/type/StudyNavType.kt,27,get,1,0,0,False,False,2,2
presentation-kmp,presentation-kmp/src/commonMain/kotlin/com/minseonglove/jlptwords/navigation/type/StudyNavType.kt,35,parseValue,1,0,0,False,False,2,2
presentation-kmp,presentation-kmp/src/commonMain/kotlin/com/minseonglove/jlptwords/navigation/type/StudyNavType.kt,41,serializeAsValue,1,0,0,False,False,2,2
presentation-kmp,presentation-kmp/src/commonMain/kotlin/com/minseonglove/jlptwords/tts/TTSManager.kt,4,onInit,1,0,0,False,False,4,4
presentation-kmp,presentation-kmp/src/commonMain/kotlin/com/minseonglove/jlptwords/tts/TTSManager.kt,6,onStart,1,0,0,False,False,4,4
presentation-kmp,presentation-kmp/src/commonMain/kotlin/com/minseonglove/jlptwords/tts/TTSManager.kt,8,onDone,1,0,0,False,False,4,4
presentation-kmp,presentation-kmp/src/commonMain/kotlin/com/minseonglove/jlptwords/tts/TTSManager.kt,10,onError,1,0,0,False,False,4,4
presentation-kmp,presentation-kmp/src/commonMain/kotlin/com/minseonglove/jlptwords/tts/TTSManager.kt,17,init,1,0,0,False,False,4,4
presentation-kmp,presentation-kmp/src/commonMain/kotlin/com/minseonglove/jlptwords/tts/TTSManager.kt,20,speak,1,0,0,False,False,4,4
presentation-kmp,presentation-kmp/src/commonMain/kotlin/com/minseonglove/jlptwords/tts/TTSManager.kt,25,isAvailable,1,0,0,False,False,4,4
presentation-kmp,presentation-kmp/src/commonMain/kotlin/com/minseonglove/jlptwords/tts/TTSManager.kt,33,isMuted,1,0,0,False,False,4,4
presentation-kmp,presentation-kmp/src/commonMain/kotlin/com/minseonglove/jlptwords/tts/TTSManager.kt,35,stop,1,0,0,False,False,4,4
presentation-kmp,presentation-kmp/src/commonMain/kotlin/com/minseonglove/jlptwords/tts/TTSManager.kt,37,release,1,0,0,False,False,4,4
presentation-kmp,presentation-kmp/src/commonMain/kotlin/com/minseonglove/jlptwords/tts/TTSUtteranceId.kt,16,example,1,0,0,False,False,1,1
presentation-kmp,presentation-kmp/src/commonMain/kotlin/com/minseonglove/jlptwords/ui/adzero/AdZeroViewModel.kt,49,onCreate,1,0,0,False,False,4,4
presentation-kmp,presentation-kmp/src/commonMain/kotlin/com/minseonglove/jlptwords/ui/adzero/AdZeroViewModel.kt,53,onAdZeroButtonClick,1,0,0,False,False,4,4
presentation-kmp,presentation-kmp/src/commonMain/kotlin/com/minseonglove/jlptwords/ui/adzero/AdZeroViewModel.kt,57,onCancelButtonClick,1,0,0,False,False,4,4
presentation-kmp,presentation-kmp/src/commonMain/kotlin/com/minseonglove/jlptwords/ui/adzero/AdZeroViewModel.kt,61,onUserEarnedReward,1,0,0,False,False,4,4
presentation-kmp,presentation-kmp/src/commonMain/kotlin/com/minseonglove/jlptwords/ui/adzero/AdZeroViewModel.kt,65,onAdLoadFailed,1,0,0,False,False,4,4
presentation-kmp,presentation-kmp/src/commonMain/kotlin/com/minseonglove/jlptwords/ui/adzero/AdZeroViewModel.kt,69,onAdShowed,1,0,0,False,False,4,4
presentation-kmp,presentation-kmp/src/commonMain/kotlin/com/minseonglove/jlptwords/ui/base/BaseBottomSheet.kt,20,BaseBottomSheet,1,0,0,False,True,3,3
presentation-kmp,presentation-kmp/src/commonMain/kotlin/com/minseonglove/jlptwords/ui/base/BaseDragHandle.kt,14,BaseDragHandle,1,0,0,False,True,1,1
presentation-kmp,presentation-kmp/src/commonMain/kotlin/com/minseonglove/jlptwords/ui/base/BaseTopBar.kt,23,BaseTopBar,1,0,0,False,True,3,3
presentation-kmp,presentation-kmp/src/commonMain/kotlin/com/minseonglove/jlptwords/ui/base/BaseTopBar.kt,53,BaseTopBarPreview,1,0,0,False,True,3,3
presentation-kmp,presentation-kmp/src/commonMain/kotlin/com/minseonglove/jlptwords/ui/base/BaseViewModel.kt,12,container,1,0,0,False,False,2,2
presentation-kmp,presentation-kmp/src/commonMain/kotlin/com/minseonglove/jlptwords/ui/base/DashedDivider.kt,20,DashedDivider,1,0,0,False,True,1,1
presentation-kmp,presentation-kmp/src/commonMain/kotlin/com/minseonglove/jlptwords/ui/base/DialogActionButtons.kt,18,DialogActionButtons,1,0,0,False,True,2,2
presentation-kmp,presentation-kmp/src/commonMain/kotlin/com/minseonglove/jlptwords/ui/base/JapaneseTextAutoSize.kt,16,rememberJpDisplayAutoSize,1,0,0,False,True,1,1
presentation-kmp,presentation-kmp/src/commonMain/kotlin/com/minseonglove/jlptwords/ui/base/JapaneseTextAutoSize.kt,24,rememberJpHeadAutoSize,1,0,0,False,True,1,1
presentation-kmp,presentation-kmp/src/commonMain/kotlin/com/minseonglove/jlptwords/ui/base/JapaneseTextAutoSize.kt,31,rememberOneLineAutoSize,1,0,0,False,True,1,1
presentation-kmp,presentation-kmp/src/commonMain/kotlin/com/minseonglove/jlptwords/ui/base/LoadingScreen.kt,16,LoadingScreen,1,0,0,False,True,3,3
presentation-kmp,presentation-kmp/src/commonMain/kotlin/com/minseonglove/jlptwords/ui/base/LoadingScreen.kt,33,LoadingScreenPreview,1,0,0,False,True,3,3
presentation-kmp,presentation-kmp/src/commonMain/kotlin/com/minseonglove/jlptwords/ui/base/MolluBackground.kt,33,molluToolbarBackground,1,0,0,False,True,5,5
presentation-kmp,presentation-kmp/src/commonMain/kotlin/com/minseonglove/jlptwords/ui/base/MolluBackground.kt,45,molluButtonBackground,1,0,0,False,True,5,5
presentation-kmp,presentation-kmp/src/commonMain/kotlin/com/minseonglove/jlptwords/ui/base/MolluBackground.kt,86,molluPaperBackground,1,0,0,False,True,5,5
presentation-kmp,presentation-kmp/src/commonMain/kotlin/com/minseonglove/jlptwords/ui/base/MolluBackground.kt,101,molluPaperVerticalScroll,1,0,0,False,True,5,5
presentation-kmp,presentation-kmp/src/commonMain/kotlin/com/minseonglove/jlptwords/ui/base/MolluBottomTabBar.kt,132,MolluBottomTabBarPreview,1,0,0,False,True,4,4
presentation-kmp,presentation-kmp/src/commonMain/kotlin/com/minseonglove/jlptwords/ui/base/MolluDefaultTopBar.kt,86,TopBarActionText,1,0,0,False,True,8,8
presentation-kmp,presentation-kmp/src/commonMain/kotlin/com/minseonglove/jlptwords/ui/base/MolluDefaultTopBar.kt,116,MolluDefaultTopBarPreview,1,0,0,False,True,8,8
presentation-kmp,presentation-kmp/src/commonMain/kotlin/com/minseonglove/jlptwords/ui/base/MolluScreenScaffold.kt,21,MolluScreenScaffold,1,0,0,False,True,2,2
presentation-kmp,presentation-kmp/src/commonMain/kotlin/com/minseonglove/jlptwords/ui/base/MolluSwitch.kt,126,MolluSwitchPreview,1,0,0,False,True,3,3
presentation-kmp,presentation-kmp/src/commonMain/kotlin/com/minseonglove/jlptwords/ui/base/RetryScreen.kt,31,RetryScreen,1,0,0,False,True,3,3
presentation-kmp,presentation-kmp/src/commonMain/kotlin/com/minseonglove/jlptwords/ui/base/RetryScreen.kt,75,RetryScreenPreview,1,0,0,False,True,3,3
presentation-kmp,presentation-kmp/src/commonMain/kotlin/com/minseonglove/jlptwords/ui/exit/ExitAdFallback.kt,17,ExitAdFallback,1,0,0,False,True,2,2
presentation-kmp,presentation-kmp/src/commonMain/kotlin/com/minseonglove/jlptwords/ui/home/ContinueSessionSection.kt,52,ContinueSessionSection,1,0,0,False,True,5,5
presentation-kmp,presentation-kmp/src/commonMain/kotlin/com/minseonglove/jlptwords/ui/home/ContinueSessionSection.kt,200,ContinueSessionSectionPreview,1,0,0,False,True,5,5
presentation-kmp,presentation-kmp/src/commonMain/kotlin/com/minseonglove/jlptwords/ui/home/HomeScreen.kt,159,HomeContent,1,0,0,False,True,9,9
presentation-kmp,presentation-kmp/src/commonMain/kotlin/com/minseonglove/jlptwords/ui/home/HomeSectionImageFade.kt,17,horizontalAlphaFade,1,0,0,False,False,1,1
presentation-kmp,presentation-kmp/src/commonMain/kotlin/com/minseonglove/jlptwords/ui/home/HomeViewModel.kt,51,onCreate,1,0,0,False,False,6,6
presentation-kmp,presentation-kmp/src/commonMain/kotlin/com/minseonglove/jlptwords/ui/home/HomeViewModel.kt,55,onTodayExampleClick,1,0,0,False,False,6,6
presentation-kmp,presentation-kmp/src/commonMain/kotlin/com/minseonglove/jlptwords/ui/home/HomeViewModel.kt,59,onContinueSessionClick,1,0,0,False,False,6,6
presentation-kmp,presentation-kmp/src/commonMain/kotlin/com/minseonglove/jlptwords/ui/home/HomeViewModel.kt,63,onTitleClick,1,0,0,False,False,6,6
presentation-kmp,presentation-kmp/src/commonMain/kotlin/com/minseonglove/jlptwords/ui/home/HomeViewModel.kt,67,onAdZeroClick,1,0,0,False,False,6,6
presentation-kmp,presentation-kmp/src/commonMain/kotlin/com/minseonglove/jlptwords/ui/home/HomeViewModel.kt,71,onAdZeroDialogDismiss,1,0,0,False,False,6,6
presentation-kmp,presentation-kmp/src/commonMain/kotlin/com/minseonglove/jlptwords/ui/home/HomeViewModel.kt,75,onSettingsClick,1,0,0,False,False,6,6
presentation-kmp,presentation-kmp/src/commonMain/kotlin/com/minseonglove/jlptwords/ui/home/HomeViewModel.kt,79,onBack,1,0,0,False,False,6,6
presentation-kmp,presentation-kmp/src/commonMain/kotlin/com/minseonglove/jlptwords/ui/home/HomeViewModel.kt,83,onExitAppBottomSheetDismiss,1,0,0,False,False,6,6
presentation-kmp,presentation-kmp/src/commonMain/kotlin/com/minseonglove/jlptwords/ui/home/HomeViewModel.kt,87,onExitAppButtonClick,1,0,0,False,False,6,6
presentation-kmp,presentation-kmp/src/commonMain/kotlin/com/minseonglove/jlptwords/ui/home/HomeViewModel.kt,91,onRetryButtonClick,1,0,0,False,False,6,6
presentation-kmp,presentation-kmp/src/commonMain/kotlin/com/minseonglove/jlptwords/ui/home/HomeViewModel.kt,245,loadHomeData,1,0,0,False,False,6,6
presentation-kmp,presentation-kmp/src/commonMain/kotlin/com/minseonglove/jlptwords/ui/home/StudyOverviewSection.kt,51,StudyOverviewSection,1,0,68,False,True,6,6
presentation-kmp,presentation-kmp/src/commonMain/kotlin/com/minseonglove/jlptwords/ui/home/StudyOverviewSection.kt,191,StudyOverviewSectionPreview,1,0,0,False,True,6,6
presentation-kmp,presentation-kmp/src/commonMain/kotlin/com/minseonglove/jlptwords/ui/home/TodayExampleSection.kt,48,TodayExampleSection,1,0,0,False,True,7,7
presentation-kmp,presentation-kmp/src/commonMain/kotlin/com/minseonglove/jlptwords/ui/home/TodayExampleSection.kt,107,clipToBoundsOpenTop,1,0,0,False,False,7,7
presentation-kmp,presentation-kmp/src/commonMain/kotlin/com/minseonglove/jlptwords/ui/home/TodayExampleSection.kt,160,TodayExampleSectionPreview,1,0,0,False,True,7,7
presentation-kmp,presentation-kmp/src/commonMain/kotlin/com/minseonglove/jlptwords/ui/main/MainViewModel.kt,57,onBackToHome,1,0,0,False,False,1,1
presentation-kmp,presentation-kmp/src/commonMain/kotlin/com/minseonglove/jlptwords/ui/main/MainViewModel.kt,62,selectTab,1,0,0,False,False,1,1
presentation-kmp,presentation-kmp/src/commonMain/kotlin/com/minseonglove/jlptwords/ui/nativead/NativeAdBadge.kt,18,NativeAdBadge,1,0,0,False,True,1,1
presentation-kmp,presentation-kmp/src/commonMain/kotlin/com/minseonglove/jlptwords/ui/nativead/NativeAdBinder.kt,7,NativeAdBinder,1,0,0,False,True,1,1
presentation-kmp,presentation-kmp/src/commonMain/kotlin/com/minseonglove/jlptwords/ui/nativead/NativeAdCallToActionView.kt,7,NativeAdCallToActionView,1,0,0,False,True,1,1
presentation-kmp,presentation-kmp/src/commonMain/kotlin/com/minseonglove/jlptwords/ui/nativead/NativeAdChoicesView.kt,7,NativeAdChoicesView,1,0,0,False,True,1,1
presentation-kmp,presentation-kmp/src/commonMain/kotlin/com/minseonglove/jlptwords/ui/nativead/NativeAdHeadlineView.kt,7,NativeAdHeadlineView,1,0,0,False,True,1,1
presentation-kmp,presentation-kmp/src/commonMain/kotlin/com/minseonglove/jlptwords/ui/nativead/NativeAdIconView.kt,7,NativeAdIconView,1,0,0,False,True,1,1
presentation-kmp,presentation-kmp/src/commonMain/kotlin/com/minseonglove/jlptwords/ui/nativead/NativeAdImage.kt,8,NativeAdImage,1,0,0,False,True,1,1
presentation-kmp,presentation-kmp/src/commonMain/kotlin/com/minseonglove/jlptwords/ui/nativead/NativeAdMediaView.kt,7,NativeAdMediaView,1,0,0,False,True,1,1
presentation-kmp,presentation-kmp/src/commonMain/kotlin/com/minseonglove/jlptwords/ui/nativead/NativeAdView.kt,7,NativeAdView,1,0,0,False,True,1,1
presentation-kmp,presentation-kmp/src/commonMain/kotlin/com/minseonglove/jlptwords/ui/search/SearchScreen.kt,314,FilterPanel,1,0,0,False,True,10,10
presentation-kmp,presentation-kmp/src/commonMain/kotlin/com/minseonglove/jlptwords/ui/search/SearchScreen.kt,580,UnderlinedTextButton,1,0,0,False,True,10,10
presentation-kmp,presentation-kmp/src/commonMain/kotlin/com/minseonglove/jlptwords/ui/search/SearchScreen.kt,620,formatMeaningForRow,1,0,0,False,False,10,10
presentation-kmp,presentation-kmp/src/commonMain/kotlin/com/minseonglove/jlptwords/ui/search/SearchScreen.kt,633,SearchContentPreview,1,0,0,False,True,10,10
presentation-kmp,presentation-kmp/src/commonMain/kotlin/com/minseonglove/jlptwords/ui/search/SearchViewModel.kt,52,onCreate,1,0,0,False,False,10,10
presentation-kmp,presentation-kmp/src/commonMain/kotlin/com/minseonglove/jlptwords/ui/search/SearchViewModel.kt,60,onQueryChange,1,0,0,False,False,10,10
presentation-kmp,presentation-kmp/src/commonMain/kotlin/com/minseonglove/jlptwords/ui/search/SearchViewModel.kt,67,onWordClick,1,0,0,False,False,10,10
presentation-kmp,presentation-kmp/src/commonMain/kotlin/com/minseonglove/jlptwords/ui/search/SearchViewModel.kt,74,onBackClick,1,0,0,False,False,10,10
presentation-kmp,presentation-kmp/src/commonMain/kotlin/com/minseonglove/jlptwords/ui/search/SearchViewModel.kt,78,onFilterClick,1,0,0,False,False,10,10
presentation-kmp,presentation-kmp/src/commonMain/kotlin/com/minseonglove/jlptwords/ui/search/SearchViewModel.kt,82,onSortClick,1,0,0,False,False,10,10
presentation-kmp,presentation-kmp/src/commonMain/kotlin/com/minseonglove/jlptwords/ui/search/SearchViewModel.kt,86,onSortDirectionClick,1,0,0,False,False,10,10
presentation-kmp,presentation-kmp/src/commonMain/kotlin/com/minseonglove/jlptwords/ui/search/SearchViewModel.kt,90,onDraftLevelToggle,1,0,0,False,False,10,10
presentation-kmp,presentation-kmp/src/commonMain/kotlin/com/minseonglove/jlptwords/ui/search/SearchViewModel.kt,94,onDraftScriptTypeToggle,1,0,0,False,False,10,10
presentation-kmp,presentation-kmp/src/commonMain/kotlin/com/minseonglove/jlptwords/ui/search/SearchViewModel.kt,98,onAllDraftLevelsSelect,1,0,0,False,False,10,10
presentation-kmp,presentation-kmp/src/commonMain/kotlin/com/minseonglove/jlptwords/ui/search/SearchViewModel.kt,102,onAllDraftScriptTypesSelect,1,0,0,False,False,10,10
presentation-kmp,presentation-kmp/src/commonMain/kotlin/com/minseonglove/jlptwords/ui/search/SearchViewModel.kt,106,onFilterReset,1,0,0,False,False,10,10
presentation-kmp,presentation-kmp/src/commonMain/kotlin/com/minseonglove/jlptwords/ui/search/SearchViewModel.kt,110,onFilterApply,1,0,0,False,False,10,10
presentation-kmp,presentation-kmp/src/commonMain/kotlin/com/minseonglove/jlptwords/ui/search/SearchViewModel.kt,114,onDraftSortTypeSelect,1,0,0,False,False,10,10
presentation-kmp,presentation-kmp/src/commonMain/kotlin/com/minseonglove/jlptwords/ui/search/SearchViewModel.kt,118,onSortApply,1,0,0,False,False,10,10
presentation-kmp,presentation-kmp/src/commonMain/kotlin/com/minseonglove/jlptwords/ui/search/SearchViewModel.kt,122,onAdZeroClick,1,0,0,False,False,10,10
presentation-kmp,presentation-kmp/src/commonMain/kotlin/com/minseonglove/jlptwords/ui/search/SearchViewModel.kt,126,onAdZeroDialogDismiss,1,0,0,False,False,10,10
presentation-kmp,presentation-kmp/src/commonMain/kotlin/com/minseonglove/jlptwords/ui/search/SearchViewModel.kt,130,onSettingsClick,1,0,0,False,False,10,10
presentation-kmp,presentation-kmp/src/commonMain/kotlin/com/minseonglove/jlptwords/ui/search/SearchViewModel.kt,134,requestSearch,1,0,0,False,False,10,10
presentation-kmp,presentation-kmp/src/commonMain/kotlin/com/minseonglove/jlptwords/ui/search/SearchViewModel.kt,297,performSearch,1,0,0,False,False,10,10
presentation-kmp,presentation-kmp/src/commonMain/kotlin/com/minseonglove/jlptwords/ui/selection/level/LevelContentTransition.kt,27,rememberLevelChangeRiseOffset,1,0,0,False,True,1,1
presentation-kmp,presentation-kmp/src/commonMain/kotlin/com/minseonglove/jlptwords/ui/selection/level/LevelContentTransition.kt,33,levelChangeTransform,1,0,0,False,False,1,1
presentation-kmp,presentation-kmp/src/commonMain/kotlin/com/minseonglove/jlptwords/ui/selection/level/LevelGradeCard.kt,39,LevelGradeCard,1,0,66,False,True,5,5
presentation-kmp,presentation-kmp/src/commonMain/kotlin/com/minseonglove/jlptwords/ui/selection/level/LevelGradeInfo.kt,42,LevelGradeInfo,1,0,0,False,True,2,2
presentation-kmp,presentation-kmp/src/commonMain/kotlin/com/minseonglove/jlptwords/ui/selection/level/LevelGradeInfo.kt,105,GradeStat,1,0,0,False,True,2,2
presentation-kmp,presentation-kmp/src/commonMain/kotlin/com/minseonglove/jlptwords/ui/selection/level/LevelSelectionViewModel.kt,39,onCreate,1,0,0,False,False,5,5
presentation-kmp,presentation-kmp/src/commonMain/kotlin/com/minseonglove/jlptwords/ui/selection/level/LevelSelectionViewModel.kt,43,onLevelSelectionTabClick,1,0,0,False,False,5,5
presentation-kmp,presentation-kmp/src/commonMain/kotlin/com/minseonglove/jlptwords/ui/selection/level/LevelSelectionViewModel.kt,47,onNavigationButtonClick,1,0,0,False,False,5,5
presentation-kmp,presentation-kmp/src/commonMain/kotlin/com/minseonglove/jlptwords/ui/selection/level/LevelSelectionViewModel.kt,51,onConfirmButtonClick,1,0,0,False,False,5,5
presentation-kmp,presentation-kmp/src/commonMain/kotlin/com/minseonglove/jlptwords/ui/selection/session/ChapterScrollConnection.kt,30,reset,1,0,0,False,False,3,3
presentation-kmp,presentation-kmp/src/commonMain/kotlin/com/minseonglove/jlptwords/ui/selection/session/ChapterScrollConnection.kt,74,rubberBandOffset,1,0,0,False,False,3,3
presentation-kmp,presentation-kmp/src/commonMain/kotlin/com/minseonglove/jlptwords/ui/selection/session/ChapterScrollConnection.kt,95,rememberChapterScrollConnection,1,0,0,False,True,3,3
presentation-kmp,presentation-kmp/src/commonMain/kotlin/com/minseonglove/jlptwords/ui/selection/session/ChapterSessionCards.kt,387,collapsedHeight,1,0,0,False,False,8,8
presentation-kmp,presentation-kmp/src/commonMain/kotlin/com/minseonglove/jlptwords/ui/selection/session/ChapterSessionCards.kt,398,expandedYOf,1,0,0,False,False,8,8
presentation-kmp,presentation-kmp/src/commonMain/kotlin/com/minseonglove/jlptwords/ui/selection/session/ChapterSessionCards.kt,404,stackedYOf,1,0,0,False,False,8,8
presentation-kmp,presentation-kmp/src/commonMain/kotlin/com/minseonglove/jlptwords/ui/selection/session/CurrentSessionIndex.kt,36,chapterCurrentSessionIndex,1,0,0,False,False,1,1
presentation-kmp,presentation-kmp/src/commonMain/kotlin/com/minseonglove/jlptwords/ui/selection/session/SessionChapterCard.kt,249,SessionChapterCardStackPlaceholder,1,0,0,False,True,5,5
presentation-kmp,presentation-kmp/src/commonMain/kotlin/com/minseonglove/jlptwords/ui/selection/session/SessionChapterCard.kt,293,ProgressBar,1,0,0,False,True,5,5
presentation-kmp,presentation-kmp/src/commonMain/kotlin/com/minseonglove/jlptwords/ui/selection/session/SessionChapterCard.kt,313,StatItem,1,0,0,False,True,5,5
presentation-kmp,presentation-kmp/src/commonMain/kotlin/com/minseonglove/jlptwords/ui/selection/session/SessionSelectionScreen.kt,130,ChapterList,1,0,0,False,True,13,13
presentation-kmp,presentation-kmp/src/commonMain/kotlin/com/minseonglove/jlptwords/ui/selection/session/SessionSelectionViewModel.kt,47,observeLevelChanges,1,0,0,False,False,16,16
presentation-kmp,presentation-kmp/src/commonMain/kotlin/com/minseonglove/jlptwords/ui/selection/session/SessionSelectionViewModel.kt,59,onCreate,1,0,0,False,False,16,16
presentation-kmp,presentation-kmp/src/commonMain/kotlin/com/minseonglove/jlptwords/ui/selection/session/SessionSelectionViewModel.kt,63,onAdZeroItemClick,1,0,0,False,False,16,16
presentation-kmp,presentation-kmp/src/commonMain/kotlin/com/minseonglove/jlptwords/ui/selection/session/SessionSelectionViewModel.kt,67,onAdZeroDialogDismiss,1,0,0,False,False,16,16
presentation-kmp,presentation-kmp/src/commonMain/kotlin/com/minseonglove/jlptwords/ui/selection/session/SessionSelectionViewModel.kt,71,onSessionWarningDialogDismiss,1,0,0,False,False,16,16
presentation-kmp,presentation-kmp/src/commonMain/kotlin/com/minseonglove/jlptwords/ui/selection/session/SessionSelectionViewModel.kt,75,onSessionWarningDialogConfirmClick,1,0,0,False,False,16,16
presentation-kmp,presentation-kmp/src/commonMain/kotlin/com/minseonglove/jlptwords/ui/selection/session/SessionSelectionViewModel.kt,84,onBack,1,0,0,False,False,16,16
presentation-kmp,presentation-kmp/src/commonMain/kotlin/com/minseonglove/jlptwords/ui/selection/session/SessionSelectionViewModel.kt,88,onRetryButtonClick,1,0,0,False,False,16,16
presentation-kmp,presentation-kmp/src/commonMain/kotlin/com/minseonglove/jlptwords/ui/selection/session/SessionSelectionViewModel.kt,92,onMoreButtonClick,1,0,0,False,False,16,16
presentation-kmp,presentation-kmp/src/commonMain/kotlin/com/minseonglove/jlptwords/ui/selection/session/SessionSelectionViewModel.kt,96,onChapterHeaderClick,1,0,0,False,False,16,16
presentation-kmp,presentation-kmp/src/commonMain/kotlin/com/minseonglove/jlptwords/ui/selection/session/SessionSelectionViewModel.kt,100,onStackedCardsClick,1,0,0,False,False,16,16
presentation-kmp,presentation-kmp/src/commonMain/kotlin/com/minseonglove/jlptwords/ui/selection/session/SessionSelectionViewModel.kt,104,onCollapseAnimationCompleted,1,0,0,False,False,16,16
presentation-kmp,presentation-kmp/src/commonMain/kotlin/com/minseonglove/jlptwords/ui/selection/session/SessionSelectionViewModel.kt,106,onSessionCardClick,1,0,0,False,False,16,16
presentation-kmp,presentation-kmp/src/commonMain/kotlin/com/minseonglove/jlptwords/ui/selection/session/SessionSelectionViewModel.kt,391,getInitializeData,1,0,0,False,False,16,16
presentation-kmp,presentation-kmp/src/commonMain/kotlin/com/minseonglove/jlptwords/ui/selection/session/SessionSelectionViewModel.kt,434,progressPercent,1,0,0,False,False,16,16
presentation-kmp,presentation-kmp/src/commonMain/kotlin/com/minseonglove/jlptwords/ui/selection/session/SessionStamps.kt,8,speedThresholdSeconds,1,0,0,False,False,1,1
presentation-kmp,presentation-kmp/src/commonMain/kotlin/com/minseonglove/jlptwords/ui/selection/session/SessionStamps.kt,24,hasAccurateStamp,1,0,0,False,False,1,1
presentation-kmp,presentation-kmp/src/commonMain/kotlin/com/minseonglove/jlptwords/ui/selection/session/SessionWarningDialog.kt,76,SessionWarningDialogContent,1,0,97,False,True,4,4
presentation-kmp,presentation-kmp/src/commonMain/kotlin/com/minseonglove/jlptwords/ui/selection/session/SessionWarningDialog.kt,46,SessionWarningDialog,1,0,0,False,True,4,4
presentation-kmp,presentation-kmp/src/commonMain/kotlin/com/minseonglove/jlptwords/ui/selection/session/SessionWarningDialog.kt,200,SessionWarningDialogPreview,1,0,0,False,True,4,4
presentation-kmp,presentation-kmp/src/commonMain/kotlin/com/minseonglove/jlptwords/ui/setting/NotificationTimePickerDialog.kt,32,NotificationTimePickerDialog,1,0,0,False,True,1,1
presentation-kmp,presentation-kmp/src/commonMain/kotlin/com/minseonglove/jlptwords/ui/setting/OpenSourceLicenseScreen.kt,27,OpenSourceLicenseScreen,1,0,0,False,True,4,4
presentation-kmp,presentation-kmp/src/commonMain/kotlin/com/minseonglove/jlptwords/ui/setting/SettingScreen.kt,161,SettingContent,1,0,0,False,True,5,5
presentation-kmp,presentation-kmp/src/commonMain/kotlin/com/minseonglove/jlptwords/ui/setting/SettingScreen.kt,194,JapaneseLanguageSection,1,0,0,False,True,5,5
presentation-kmp,presentation-kmp/src/commonMain/kotlin/com/minseonglove/jlptwords/ui/setting/SettingScreen.kt,231,AppInfoSection,1,0,0,False,True,5,5
presentation-kmp,presentation-kmp/src/commonMain/kotlin/com/minseonglove/jlptwords/ui/setting/SettingScreen.kt,265,InquirySection,1,0,0,False,True,5,5
presentation-kmp,presentation-kmp/src/commonMain/kotlin/com/minseonglove/jlptwords/ui/setting/SettingScreen.kt,325,SettingDivider,1,0,0,False,True,5,5
presentation-kmp,presentation-kmp/src/commonMain/kotlin/com/minseonglove/jlptwords/ui/setting/SettingViewModel.kt,30,onCreate,1,0,0,False,False,4,4
presentation-kmp,presentation-kmp/src/commonMain/kotlin/com/minseonglove/jlptwords/ui/setting/SettingViewModel.kt,34,onStudyNotificationToggle,1,0,0,False,False,4,4
presentation-kmp,presentation-kmp/src/commonMain/kotlin/com/minseonglove/jlptwords/ui/setting/SettingViewModel.kt,38,onNotificationTimeClick,1,0,0,False,False,4,4
presentation-kmp,presentation-kmp/src/commonMain/kotlin/com/minseonglove/jlptwords/ui/setting/SettingViewModel.kt,42,onNotificationTimeChange,1,0,0,False,False,4,4
presentation-kmp,presentation-kmp/src/commonMain/kotlin/com/minseonglove/jlptwords/ui/setting/SettingViewModel.kt,53,onNotificationTimePickerDismiss,1,0,0,False,False,4,4
presentation-kmp,presentation-kmp/src/commonMain/kotlin/com/minseonglove/jlptwords/ui/setting/SettingViewModel.kt,57,onJapaneseLanguageToggle,1,0,0,False,False,4,4
presentation-kmp,presentation-kmp/src/commonMain/kotlin/com/minseonglove/jlptwords/ui/setting/SettingViewModel.kt,61,onInquiryClick,1,0,0,False,False,4,4
presentation-kmp,presentation-kmp/src/commonMain/kotlin/com/minseonglove/jlptwords/ui/setting/SettingViewModel.kt,65,onPrivacyPolicyClick,1,0,0,False,False,4,4
presentation-kmp,presentation-kmp/src/commonMain/kotlin/com/minseonglove/jlptwords/ui/setting/SettingViewModel.kt,69,onOpenSourceLicensesClick,1,0,0,False,False,4,4
presentation-kmp,presentation-kmp/src/commonMain/kotlin/com/minseonglove/jlptwords/ui/setting/SettingViewModel.kt,73,onAdZeroClick,1,0,0,False,False,4,4
presentation-kmp,presentation-kmp/src/commonMain/kotlin/com/minseonglove/jlptwords/ui/setting/SettingViewModel.kt,77,onAdZeroDialogDismiss,1,0,0,False,False,4,4
presentation-kmp,presentation-kmp/src/commonMain/kotlin/com/minseonglove/jlptwords/ui/setting/SettingViewModel.kt,81,onBackClick,1,0,0,False,False,4,4
presentation-kmp,presentation-kmp/src/commonMain/kotlin/com/minseonglove/jlptwords/ui/splash/SplashScreen.kt,135,LogoSection,1,0,0,False,True,6,6
presentation-kmp,presentation-kmp/src/commonMain/kotlin/com/minseonglove/jlptwords/ui/splash/SplashScreen.kt,196,LoadingSpinner,1,0,0,False,True,6,6
presentation-kmp,presentation-kmp/src/commonMain/kotlin/com/minseonglove/jlptwords/ui/splash/SplashViewModel.kt,32,onCreate,1,0,0,False,False,8,8
presentation-kmp,presentation-kmp/src/commonMain/kotlin/com/minseonglove/jlptwords/ui/splash/SplashViewModel.kt,36,onRetry,1,0,0,False,False,8,8
presentation-kmp,presentation-kmp/src/commonMain/kotlin/com/minseonglove/jlptwords/ui/study/ExitSessionBottomSheet.kt,75,ExitSessionBottomSheetContent,1,0,74,False,True,5,5
presentation-kmp,presentation-kmp/src/commonMain/kotlin/com/minseonglove/jlptwords/ui/study/ExitSessionBottomSheet.kt,42,ExitSessionBottomSheet,1,0,0,False,True,5,5
presentation-kmp,presentation-kmp/src/commonMain/kotlin/com/minseonglove/jlptwords/ui/study/ExitSessionBottomSheet.kt,169,ExitSessionBottomSheetContentPreview,1,0,0,False,True,5,5
presentation-kmp,presentation-kmp/src/commonMain/kotlin/com/minseonglove/jlptwords/ui/study/RoundCompletion.kt,148,coloredValue,1,0,0,False,False,6,6
presentation-kmp,presentation-kmp/src/commonMain/kotlin/com/minseonglove/jlptwords/ui/study/SessionCompletion.kt,230,SubStamp,1,0,0,False,True,9,9
presentation-kmp,presentation-kmp/src/commonMain/kotlin/com/minseonglove/jlptwords/ui/study/SessionCompletion.kt,251,StampImage,1,0,0,False,True,9,9
presentation-kmp,presentation-kmp/src/commonMain/kotlin/com/minseonglove/jlptwords/ui/study/StudyScreen.kt,317,StudySection,1,0,0,False,True,18,18
presentation-kmp,presentation-kmp/src/commonMain/kotlin/com/minseonglove/jlptwords/ui/study/StudyViewModel.kt,125,onCreate,1,0,0,False,False,20,20
presentation-kmp,presentation-kmp/src/commonMain/kotlin/com/minseonglove/jlptwords/ui/study/StudyViewModel.kt,129,onStart,1,0,0,False,False,20,20
presentation-kmp,presentation-kmp/src/commonMain/kotlin/com/minseonglove/jlptwords/ui/study/StudyViewModel.kt,133,onStop,1,0,0,False,False,20,20
presentation-kmp,presentation-kmp/src/commonMain/kotlin/com/minseonglove/jlptwords/ui/study/StudyViewModel.kt,152,stopTimer,1,0,0,False,False,20,20
presentation-kmp,presentation-kmp/src/commonMain/kotlin/com/minseonglove/jlptwords/ui/study/StudyViewModel.kt,157,onAnswerRevealClick,1,0,0,False,False,20,20
presentation-kmp,presentation-kmp/src/commonMain/kotlin/com/minseonglove/jlptwords/ui/study/StudyViewModel.kt,161,onExampleShowClick,1,0,0,False,False,20,20
presentation-kmp,presentation-kmp/src/commonMain/kotlin/com/minseonglove/jlptwords/ui/study/StudyViewModel.kt,165,onNavigationButtonClick,1,0,0,False,False,20,20
presentation-kmp,presentation-kmp/src/commonMain/kotlin/com/minseonglove/jlptwords/ui/study/StudyViewModel.kt,177,onCopyClick,1,0,0,False,False,20,20
presentation-kmp,presentation-kmp/src/commonMain/kotlin/com/minseonglove/jlptwords/ui/study/StudyViewModel.kt,186,onWordTTSClick,1,0,0,False,False,20,20
presentation-kmp,presentation-kmp/src/commonMain/kotlin/com/minseonglove/jlptwords/ui/study/StudyViewModel.kt,196,onExampleTTSClick,1,0,0,False,False,20,20
presentation-kmp,presentation-kmp/src/commonMain/kotlin/com/minseonglove/jlptwords/ui/study/StudyViewModel.kt,206,onFinishSessionButtonClick,1,0,0,False,False,20,20
presentation-kmp,presentation-kmp/src/commonMain/kotlin/com/minseonglove/jlptwords/ui/study/StudyViewModel.kt,210,onDetailClick,1,0,0,False,False,20,20
presentation-kmp,presentation-kmp/src/commonMain/kotlin/com/minseonglove/jlptwords/ui/study/StudyViewModel.kt,217,onHelpClick,1,0,0,False,False,20,20
presentation-kmp,presentation-kmp/src/commonMain/kotlin/com/minseonglove/jlptwords/ui/study/StudyViewModel.kt,221,onHelpCloseClick,1,0,0,False,False,20,20
presentation-kmp,presentation-kmp/src/commonMain/kotlin/com/minseonglove/jlptwords/ui/study/StudyViewModel.kt,225,onExitSessionButtonClick,1,0,0,False,False,20,20
presentation-kmp,presentation-kmp/src/commonMain/kotlin/com/minseonglove/jlptwords/ui/study/StudyViewModel.kt,232,onContinueSessionButtonClick,1,0,0,False,False,20,20
presentation-kmp,presentation-kmp/src/commonMain/kotlin/com/minseonglove/jlptwords/ui/study/StudyViewModel.kt,239,onExitSessionBottomSheetDismiss,1,0,0,False,False,20,20
presentation-kmp,presentation-kmp/src/commonMain/kotlin/com/minseonglove/jlptwords/ui/study/StudyViewModel.kt,246,onTTSWarningDialogConfirmClick,1,0,0,False,False,20,20
presentation-kmp,presentation-kmp/src/commonMain/kotlin/com/minseonglove/jlptwords/ui/study/StudyViewModel.kt,250,onTTSWarningDialogDismiss,1,0,0,False,False,20,20
presentation-kmp,presentation-kmp/src/commonMain/kotlin/com/minseonglove/jlptwords/ui/study/StudyViewModel.kt,254,onBack,1,0,0,False,False,20,20
presentation-kmp,presentation-kmp/src/commonMain/kotlin/com/minseonglove/jlptwords/ui/study/StudyViewModel.kt,702,hideHelpOverlay,1,0,0,False,False,20,20
presentation-kmp,presentation-kmp/src/commonMain/kotlin/com/minseonglove/jlptwords/ui/study/StudyViewModel.kt,709,onPassButtonClick,1,0,0,False,False,20,20
presentation-kmp,presentation-kmp/src/commonMain/kotlin/com/minseonglove/jlptwords/ui/study/StudyViewModel.kt,716,onKnowButtonClick,1,0,0,False,False,20,20
presentation-kmp,presentation-kmp/src/commonMain/kotlin/com/minseonglove/jlptwords/ui/study/StudyViewModel.kt,723,onAdZeroItemClick,1,0,0,False,False,20,20
presentation-kmp,presentation-kmp/src/commonMain/kotlin/com/minseonglove/jlptwords/ui/study/StudyViewModel.kt,727,onAdZeroDialogDismiss,1,0,0,False,False,20,20
presentation-kmp,presentation-kmp/src/commonMain/kotlin/com/minseonglove/jlptwords/ui/study/StudyViewModel.kt,731,onSettingsClick,1,0,0,False,False,20,20
presentation-kmp,presentation-kmp/src/commonMain/kotlin/com/minseonglove/jlptwords/ui/study/StudyViewModel.kt,735,onInterstitialAdShowSuccess,1,0,0,False,False,20,20
presentation-kmp,presentation-kmp/src/commonMain/kotlin/com/minseonglove/jlptwords/ui/study/StudyViewModel.kt,739,onInterstitialAdShowFailed,1,0,0,False,False,20,20
presentation-kmp,presentation-kmp/src/commonMain/kotlin/com/minseonglove/jlptwords/ui/study/StudyViewModel.kt,749,isAdZeroEnabled,1,0,0,False,False,20,20
presentation-kmp,presentation-kmp/src/commonMain/kotlin/com/minseonglove/jlptwords/ui/study/StudyViewModel.kt,755,changeTTSPlayingState,1,0,0,False,False,20,20
presentation-kmp,presentation-kmp/src/commonMain/kotlin/com/minseonglove/jlptwords/ui/study/StudyViewModel.kt,762,toWordPageCardItem,1,0,0,False,False,20,20
presentation-kmp,presentation-kmp/src/commonMain/kotlin/com/minseonglove/jlptwords/ui/study/StudyViewModel.kt,779,toWord,1,0,0,False,False,20,20
presentation-kmp,presentation-kmp/src/commonMain/kotlin/com/minseonglove/jlptwords/ui/study/StudyViewModel.kt,792,toStudyStatus,1,0,0,False,False,20,20
presentation-kmp,presentation-kmp/src/commonMain/kotlin/com/minseonglove/jlptwords/ui/study/StudyViewModel.kt,809,onCleared,1,0,0,False,False,20,20
presentation-kmp,presentation-kmp/src/commonMain/kotlin/com/minseonglove/jlptwords/ui/study/component/CompletionElements.kt,32,CompletionHeadline,1,0,0,False,True,2,2
presentation-kmp,presentation-kmp/src/commonMain/kotlin/com/minseonglove/jlptwords/ui/study/component/CompletionElements.kt,65,CompletionTitle,1,0,0,False,True,2,2
presentation-kmp,presentation-kmp/src/commonMain/kotlin/com/minseonglove/jlptwords/ui/study/component/RoundProgressChart.kt,202,RoundProgressChartPreview,1,0,0,False,True,5,5
presentation-kmp,presentation-kmp/src/commonMain/kotlin/com/minseonglove/jlptwords/ui/study/component/SessionStatsChart.kt,292,SessionStatsChartPreview,1,0,0,False,True,7,7
presentation-kmp,presentation-kmp/src/commonMain/kotlin/com/minseonglove/jlptwords/ui/study/component/StudyHelpOverlay.kt,48,StudyHelpOverlay,1,0,63,False,True,4,4
presentation-kmp,presentation-kmp/src/commonMain/kotlin/com/minseonglove/jlptwords/ui/study/component/StudyHelpOverlay.kt,123,GuideText,1,0,0,False,True,4,4
presentation-kmp,presentation-kmp/src/commonMain/kotlin/com/minseonglove/jlptwords/ui/study/component/StudyHelpOverlay.kt,138,StudyHelpOverlayPreview,1,0,0,False,True,4,4
presentation-kmp,presentation-kmp/src/commonMain/kotlin/com/minseonglove/jlptwords/ui/study/component/StudyProgressBar.kt,30,StudyProgressBar,1,0,0,False,True,4,4
presentation-kmp,presentation-kmp/src/commonMain/kotlin/com/minseonglove/jlptwords/ui/study/component/StudyProgressBar.kt,76,StudyProgressBarPreview,1,0,0,False,True,4,4
presentation-kmp,presentation-kmp/src/commonMain/kotlin/com/minseonglove/jlptwords/ui/study/component/StudyWordSection.kt,243,UnderlineLabel,1,0,0,False,True,12,12
presentation-kmp,presentation-kmp/src/commonMain/kotlin/com/minseonglove/jlptwords/ui/study/component/StudyWordSection.kt,257,StudyWordSectionPreview,1,0,0,False,True,12,12
presentation-kmp,presentation-kmp/src/commonMain/kotlin/com/minseonglove/jlptwords/ui/study/component/StudyWordSection.kt,291,StudyWordSectionLongWordPreview,1,0,0,False,True,12,12
presentation-kmp,presentation-kmp/src/commonMain/kotlin/com/minseonglove/jlptwords/ui/study/component/SwipeableWordCard.kt,263,tearRotationDegrees,1,0,0,False,False,9,9
presentation-kmp,presentation-kmp/src/commonMain/kotlin/com/minseonglove/jlptwords/ui/study/component/SwipeableWordCard.kt,270,NextWordPreview,1,0,0,False,True,9,9
presentation-kmp,presentation-kmp/src/commonMain/kotlin/com/minseonglove/jlptwords/ui/theme/MolluColor.kt,45,molluColorScheme,1,0,0,False,False,1,1
presentation-kmp,presentation-kmp/src/commonMain/kotlin/com/minseonglove/jlptwords/ui/theme/MolluTheme.kt,28,MolluTheme,1,0,0,False,True,1,1
presentation-kmp,presentation-kmp/src/commonMain/kotlin/com/minseonglove/jlptwords/ui/theme/MolluType.kt,31,molluTypography,1,0,65,False,False,2,2
presentation-kmp,presentation-kmp/src/commonMain/kotlin/com/minseonglove/jlptwords/ui/tts/TTSWarningDialog.kt,60,TTSWarningDialogContent,1,0,80,False,True,2,2
presentation-kmp,presentation-kmp/src/commonMain/kotlin/com/minseonglove/jlptwords/ui/tts/TTSWarningDialog.kt,40,TTSWarningDialog,1,0,0,False,True,2,2
presentation-kmp,presentation-kmp/src/commonMain/kotlin/com/minseonglove/jlptwords/ui/worddetail/WordDetailScreen.kt,235,WordDetailTopBar,1,0,0,False,True,22,22
presentation-kmp,presentation-kmp/src/commonMain/kotlin/com/minseonglove/jlptwords/ui/worddetail/WordDetailScreen.kt,419,KanjiReadingRow,1,0,0,False,True,22,22
presentation-kmp,presentation-kmp/src/commonMain/kotlin/com/minseonglove/jlptwords/ui/worddetail/WordDetailScreen.kt,582,WordDetailContentPreview,1,0,0,False,True,22,22
presentation-kmp,presentation-kmp/src/commonMain/kotlin/com/minseonglove/jlptwords/ui/worddetail/WordDetailState.kt,24,isExampleTTSPlaying,1,0,0,False,False,4,4
presentation-kmp,presentation-kmp/src/commonMain/kotlin/com/minseonglove/jlptwords/ui/worddetail/WordDetailViewModel.kt,43,onCreate,1,0,0,False,False,7,7
presentation-kmp,presentation-kmp/src/commonMain/kotlin/com/minseonglove/jlptwords/ui/worddetail/WordDetailViewModel.kt,50,onTTSClick,1,0,0,False,False,7,7
presentation-kmp,presentation-kmp/src/commonMain/kotlin/com/minseonglove/jlptwords/ui/worddetail/WordDetailViewModel.kt,54,onExampleTTSClick,1,0,0,False,False,7,7
presentation-kmp,presentation-kmp/src/commonMain/kotlin/com/minseonglove/jlptwords/ui/worddetail/WordDetailViewModel.kt,61,onStopTTS,1,0,0,False,False,7,7
presentation-kmp,presentation-kmp/src/commonMain/kotlin/com/minseonglove/jlptwords/ui/worddetail/WordDetailViewModel.kt,65,onExampleWordClick,1,0,0,False,False,7,7
presentation-kmp,presentation-kmp/src/commonMain/kotlin/com/minseonglove/jlptwords/ui/worddetail/WordDetailViewModel.kt,72,onBackClick,1,0,0,False,False,7,7
presentation-kmp,presentation-kmp/src/commonMain/kotlin/com/minseonglove/jlptwords/ui/worddetail/WordDetailViewModel.kt,76,onDismissTTSWarningDialog,1,0,0,False,False,7,7
presentation-kmp,presentation-kmp/src/commonMain/kotlin/com/minseonglove/jlptwords/ui/worddetail/WordDetailViewModel.kt,80,onOpenInstallLanguagePack,1,0,0,False,False,7,7
presentation-kmp,presentation-kmp/src/commonMain/kotlin/com/minseonglove/jlptwords/ui/worddetail/WordDetailViewModel.kt,84,onChangeTTSPlayingState,1,0,0,False,False,7,7
presentation-kmp,presentation-kmp/src/commonMain/kotlin/com/minseonglove/jlptwords/ui/worddetail/WordDetailViewModel.kt,199,onCleared,1,0,0,False,False,7,7
presentation-kmp,presentation-kmp/src/commonMain/kotlin/com/minseonglove/jlptwords/util/AppLanguage.kt,28,applyAppLanguage,1,0,0,False,False,2,2
presentation-kmp,presentation-kmp/src/commonMain/kotlin/com/minseonglove/jlptwords/util/FinishApp.kt,3,finishApp,1,0,0,False,False,2,2
presentation-kmp,presentation-kmp/src/commonMain/kotlin/com/minseonglove/jlptwords/util/HandleInstallLanguagePack.kt,3,handleInstallLanguagePack,1,0,0,False,False,3,3
presentation-kmp,presentation-kmp/src/commonMain/kotlin/com/minseonglove/jlptwords/util/StatusBarAppearance.kt,12,DarkStatusBarIcons,1,0,0,False,True,1,1
presentation-kmp,presentation-kmp/src/commonMain/kotlin/com/minseonglove/jlptwords/util/TimeProvider.kt,4,currentTimeMillis,1,0,0,False,False,1,1
presentation-kmp,presentation-kmp/src/commonMain/kotlin/com/minseonglove/jlptwords/util/UrlOpener.kt,8,openUrl,1,0,0,False,False,3,3
presentation-kmp,presentation-kmp/src/iosMain/kotlin/com/minseonglove/jlptwords/ad/FullScreenContentDelegate.ios.kt,14,adDidRecordImpression,1,0,0,False,False,3,3
presentation-kmp,presentation-kmp/src/iosMain/kotlin/com/minseonglove/jlptwords/ad/FullScreenContentDelegate.ios.kt,18,adDidDismissFullScreenContent,1,0,0,False,False,3,3
presentation-kmp,presentation-kmp/src/iosMain/kotlin/com/minseonglove/jlptwords/ad/FullScreenContentDelegate.ios.kt,22,adWillDismissFullScreenContent,1,0,0,False,False,3,3
presentation-kmp,presentation-kmp/src/iosMain/kotlin/com/minseonglove/jlptwords/ad/FullScreenContentDelegate.ios.kt,26,adWillPresentFullScreenContent,1,0,0,False,False,3,3
presentation-kmp,presentation-kmp/src/iosMain/kotlin/com/minseonglove/jlptwords/ad/FullScreenContentDelegate.ios.kt,30,ad,1,0,0,False,False,3,3
presentation-kmp,presentation-kmp/src/iosMain/kotlin/com/minseonglove/jlptwords/ad/InterstitialAdManagerImpl.ios.kt,75,clearAd,1,0,0,False,False,8,8
presentation-kmp,presentation-kmp/src/iosMain/kotlin/com/minseonglove/jlptwords/ad/InterstitialAdManagerImpl.ios.kt,93,stopRefreshAd,1,0,0,False,False,8,8
presentation-kmp,presentation-kmp/src/iosMain/kotlin/com/minseonglove/jlptwords/ad/InterstitialAdManagerImpl.ios.kt,112,isAdZeroEnabled,1,0,0,False,False,8,8
presentation-kmp,presentation-kmp/src/iosMain/kotlin/com/minseonglove/jlptwords/ad/NativeAdManagerImpl.ios.kt,97,adLoader,1,0,0,False,False,7,7
presentation-kmp,presentation-kmp/src/iosMain/kotlin/com/minseonglove/jlptwords/ad/NativeAdManagerImpl.ios.kt,104,adLoader,1,0,0,False,False,7,7
presentation-kmp,presentation-kmp/src/iosMain/kotlin/com/minseonglove/jlptwords/ad/NativeAdManagerImpl.ios.kt,111,adLoaderDidFinishLoading,1,0,0,False,False,7,7
presentation-kmp,presentation-kmp/src/iosMain/kotlin/com/minseonglove/jlptwords/ad/NativeAdManagerImpl.ios.kt,124,clearAd,1,0,0,False,False,7,7
presentation-kmp,presentation-kmp/src/iosMain/kotlin/com/minseonglove/jlptwords/ad/NativeAdManagerImpl.ios.kt,142,stopRefreshAd,1,0,0,False,False,7,7
presentation-kmp,presentation-kmp/src/iosMain/kotlin/com/minseonglove/jlptwords/ad/PlatformInterstitialAd.ios.kt,15,show,1,0,0,False,False,5,5
presentation-kmp,presentation-kmp/src/iosMain/kotlin/com/minseonglove/jlptwords/ad/PlatformInterstitialAd.ios.kt,21,setFullScreenContentCallback,1,0,0,False,False,5,5
presentation-kmp,presentation-kmp/src/iosMain/kotlin/com/minseonglove/jlptwords/ad/PlatformRewardedAd.ios.kt,15,show,1,0,0,False,False,5,5
presentation-kmp,presentation-kmp/src/iosMain/kotlin/com/minseonglove/jlptwords/ad/PlatformRewardedAd.ios.kt,24,setFullScreenContentCallback,1,0,0,False,False,5,5
presentation-kmp,presentation-kmp/src/iosMain/kotlin/com/minseonglove/jlptwords/ad/RewardedAdManagerImpl.ios.kt,61,clearAd,1,0,0,False,False,5,5
presentation-kmp,presentation-kmp/src/iosMain/kotlin/com/minseonglove/jlptwords/tts/TTSManager.ios.kt,21,init,1,0,0,False,False,3,3
presentation-kmp,presentation-kmp/src/iosMain/kotlin/com/minseonglove/jlptwords/tts/TTSManager.ios.kt,53,isMuted,1,0,0,False,False,3,3
presentation-kmp,presentation-kmp/src/iosMain/kotlin/com/minseonglove/jlptwords/tts/TTSManager.ios.kt,58,stop,1,0,0,False,False,3,3
presentation-kmp,presentation-kmp/src/iosMain/kotlin/com/minseonglove/jlptwords/tts/TTSManager.ios.kt,62,release,1,0,0,False,False,3,3
presentation-kmp,presentation-kmp/src/iosMain/kotlin/com/minseonglove/jlptwords/tts/TTSManager.ios.kt,87,register,1,0,0,False,False,3,3
presentation-kmp,presentation-kmp/src/iosMain/kotlin/com/minseonglove/jlptwords/tts/TTSManager.ios.kt,91,clear,1,0,0,False,False,3,3
presentation-kmp,presentation-kmp/src/iosMain/kotlin/com/minseonglove/jlptwords/tts/TTSManager.ios.kt,96,speechSynthesizer,1,0,0,False,False,3,3
presentation-kmp,presentation-kmp/src/iosMain/kotlin/com/minseonglove/jlptwords/tts/TTSManager.ios.kt,104,speechSynthesizer,1,0,0,False,False,3,3
presentation-kmp,presentation-kmp/src/iosMain/kotlin/com/minseonglove/jlptwords/tts/TTSManager.ios.kt,112,speechSynthesizer,1,0,0,False,False,3,3
presentation-kmp,presentation-kmp/src/iosMain/kotlin/com/minseonglove/jlptwords/ui/nativead/NativeAdImage.ios.kt,14,NativeAdImage,1,0,0,False,True,2,2
presentation-kmp,presentation-kmp/src/iosMain/kotlin/com/minseonglove/jlptwords/ui/nativead/NativeAdView.ios.kt,19,NativeAdView,1,0,0,False,True,2,2
presentation-kmp,presentation-kmp/src/iosMain/kotlin/com/minseonglove/jlptwords/util/AppLanguage.ios.kt,7,applyAppLanguage,1,0,0,False,False,1,1
presentation-kmp,presentation-kmp/src/iosMain/kotlin/com/minseonglove/jlptwords/util/FinishApp.ios.kt,8,finishApp,1,0,0,False,False,2,2
presentation-kmp,presentation-kmp/src/iosMain/kotlin/com/minseonglove/jlptwords/util/HandleInstallLanguagePack.ios.kt,7,handleInstallLanguagePack,1,0,0,False,False,3,3
presentation-kmp,presentation-kmp/src/iosMain/kotlin/com/minseonglove/jlptwords/util/StatusBarAppearance.ios.kt,12,onDarkIconsChanged,1,0,0,False,False,1,1
presentation-kmp,presentation-kmp/src/iosMain/kotlin/com/minseonglove/jlptwords/util/StatusBarAppearance.ios.kt,20,DarkStatusBarIcons,1,0,0,False,True,1,1
presentation-kmp,presentation-kmp/src/iosMain/kotlin/com/minseonglove/jlptwords/util/TimeProvider.ios.kt,7,currentTimeMillis,1,0,0,False,False,1,1
shared,shared/src/commonMain/kotlin/com/minseonglove/jlptwords/KoinInitializer.kt,14,initKoinModules,1,0,0,False,False,1,1
shared,shared/src/iosMain/kotlin/com/minseonglove/jlptwords/ui/MainViewController.kt,13,MainViewController,1,0,0,False,False,2,2
